hitId,queryId,docId,workerId,assignmentId,time,trecScore,workerScore,trecBinaryScore,workerBinaryScore
248,43_6,CAR_e5dd17040c99928c21cdccb7161fe65e17c80c3b,A1IBKP5PBH5EHC,3N1FSUEFLAGUOSM50Q8L6AUU2S14DG,140000,0,0,0,0
248,43_6,CAR_e6670af50b28acf983a964be0ef89f30afea871f,A1IBKP5PBH5EHC,3N1FSUEFLAGUOSM50Q8L6AUU2S14DG,140000,0,0,0,0
248,43_6,CAR_e6f968c91d272c09d54f4957500a08e3a76eb286,A1IBKP5PBH5EHC,3N1FSUEFLAGUOSM50Q8L6AUU2S14DG,140000,0,1,0,0
248,43_6,CAR_e8754020cc40b950385c5512ad481e948fa1212c,A1IBKP5PBH5EHC,3N1FSUEFLAGUOSM50Q8L6AUU2S14DG,140000,0,0,0,0
248,43_6,CAR_edffa492750a9399d5248193034649647ab2dde6,A1IBKP5PBH5EHC,3N1FSUEFLAGUOSM50Q8L6AUU2S14DG,140000,0,0,0,0
179,43_5,CAR_3c6a3e24161a2dc64c3931995da829634f0ff497,A1IBKP5PBH5EHC,3M68NM076MN24P9O1FWK8XVCDF76R8,119000,0,0,0,0
179,43_5,CAR_3cb12b68507a739904f5ea98f288dac2c6f84741,A1IBKP5PBH5EHC,3M68NM076MN24P9O1FWK8XVCDF76R8,119000,0,0,0,0
179,43_5,CAR_3fb9b074bc29c17d6d011604f0826366d6534f02,A1IBKP5PBH5EHC,3M68NM076MN24P9O1FWK8XVCDF76R8,119000,0,0,0,0
179,43_5,CAR_400b10bcf4b595aee345bada28c63b756505a06c,A1IBKP5PBH5EHC,3M68NM076MN24P9O1FWK8XVCDF76R8,119000,0,0,0,0
179,43_5,CAR_40898840d034f113b9fe91ee7c2ff83853445315,A1IBKP5PBH5EHC,3M68NM076MN24P9O1FWK8XVCDF76R8,119000,0,0,0,0
261,43_6,MARCO_680735,A1IBKP5PBH5EHC,32N49TQG3LYVKY280CI6PZM1U94VAK,44000,0,0,0,0
261,43_6,MARCO_6815808,A1IBKP5PBH5EHC,32N49TQG3LYVKY280CI6PZM1U94VAK,44000,0,0,0,0
261,43_6,MARCO_7567067,A1IBKP5PBH5EHC,32N49TQG3LYVKY280CI6PZM1U94VAK,44000,0,0,0,0
261,43_6,MARCO_7895308,A1IBKP5PBH5EHC,32N49TQG3LYVKY280CI6PZM1U94VAK,44000,0,0,0,0
261,43_6,MARCO_7908792,A1IBKP5PBH5EHC,32N49TQG3LYVKY280CI6PZM1U94VAK,44000,0,0,0,0
250,43_6,CAR_0ce040290ca74a0ac47eb9623994d33022cd8971,A1IBKP5PBH5EHC,3R8YZBNQ9MYLWO8T7ACC9LL3C9GQ7R,77000,0,0,0,0
250,43_6,CAR_f36acbe70fe4a5a234c68f169ed325eae7c4f003,A1IBKP5PBH5EHC,3R8YZBNQ9MYLWO8T7ACC9LL3C9GQ7R,77000,0,0,0,0
250,43_6,CAR_f47bc65b03a652b4e684aa1f136d187d30841194,A1IBKP5PBH5EHC,3R8YZBNQ9MYLWO8T7ACC9LL3C9GQ7R,77000,0,0,0,0
250,43_6,CAR_f512e0b754a8c056a1320d62c5e3fd79b01f790b,A1IBKP5PBH5EHC,3R8YZBNQ9MYLWO8T7ACC9LL3C9GQ7R,77000,0,0,0,0
250,43_6,CAR_f77c907f691b695e1b1a5671346edf3095aba8f0,A1IBKP5PBH5EHC,3R8YZBNQ9MYLWO8T7ACC9LL3C9GQ7R,77000,0,0,0,0
225,43_6,CAR_4469458b7177d2ec37679222bab1274c7c058d58,A1IBKP5PBH5EHC,3C44YUNSI65GDL8OYA09985PTNMDP3,201000,0,0,0,0
225,43_6,CAR_497277cd8afe849f927ddfb39d95e1d99f9f4640,A1IBKP5PBH5EHC,3C44YUNSI65GDL8OYA09985PTNMDP3,201000,0,0,0,0
225,43_6,CAR_49dcf3d9a2bb620a91c1a957ef3d7c8ad40eb6d4,A1IBKP5PBH5EHC,3C44YUNSI65GDL8OYA09985PTNMDP3,201000,0,0,0,0
225,43_6,CAR_4af0eaba506ab2f38e50df91f105401f46c335b6,A1IBKP5PBH5EHC,3C44YUNSI65GDL8OYA09985PTNMDP3,201000,0,1,0,0
225,43_6,CAR_4b3dc2c1caf62fd1a9ddae9b6a6f38732564a60d,A1IBKP5PBH5EHC,3C44YUNSI65GDL8OYA09985PTNMDP3,201000,0,0,0,0
171,43_4,MARCO_7909561,A1IBKP5PBH5EHC,31HQ4X3T3XQWOPC8382RNQI5PCCSLN,47000,0,0,0,0
171,43_4,MARCO_8039531,A1IBKP5PBH5EHC,31HQ4X3T3XQWOPC8382RNQI5PCCSLN,47000,0,0,0,0
171,43_4,MARCO_8275467,A1IBKP5PBH5EHC,31HQ4X3T3XQWOPC8382RNQI5PCCSLN,47000,0,0,0,0
171,43_4,CAR_170674093e570a1cf251c356af07e5a8f1bc81ea,A1IBKP5PBH5EHC,31HQ4X3T3XQWOPC8382RNQI5PCCSLN,47000,0,0,0,0
171,43_4,MARCO_8456904,A1IBKP5PBH5EHC,31HQ4X3T3XQWOPC8382RNQI5PCCSLN,47000,0,0,0,0
190,43_5,CAR_7c32687cc03ae972dbb9e0289bf1c10272790de7,A1IBKP5PBH5EHC,3180JW2OT9SPNXQXORD6E0VL734J5F,94000,0,0,0,0
190,43_5,CAR_7c7ce448dd080d59b6383cbea65b8012ba2f687f,A1IBKP5PBH5EHC,3180JW2OT9SPNXQXORD6E0VL734J5F,94000,0,0,0,0
190,43_5,CAR_7e3a5c4cd1c4b772a9a3ee5b1498d8ba68ce1624,A1IBKP5PBH5EHC,3180JW2OT9SPNXQXORD6E0VL734J5F,94000,0,0,0,0
190,43_5,CAR_7eb242c50dc13627e9523c2e7d82443f143e2c24,A1IBKP5PBH5EHC,3180JW2OT9SPNXQXORD6E0VL734J5F,94000,0,0,0,0
190,43_5,CAR_08a457074474cae626a02766fd0bca29a9d91417,A1IBKP5PBH5EHC,3180JW2OT9SPNXQXORD6E0VL734J5F,94000,0,0,0,0
234,43_6,CAR_7bf753c42a576cbb1dd18ea9b45a2272fb5cb841,A1IBKP5PBH5EHC,3KXIR214I9W7LIOP31O4AR3Q518241,122000,0,2,0,1
234,43_6,CAR_7ce498f8a737de110568d76004a09920922a0826,A1IBKP5PBH5EHC,3KXIR214I9W7LIOP31O4AR3Q518241,122000,0,0,0,0
234,43_6,CAR_8001c3cda1b8c2a3013a99899ef2253f2cfc4c1f,A1IBKP5PBH5EHC,3KXIR214I9W7LIOP31O4AR3Q518241,122000,0,2,0,1
234,43_6,CAR_800461360439178e8b7e5898abe3efbb996ee36e,A1IBKP5PBH5EHC,3KXIR214I9W7LIOP31O4AR3Q518241,122000,0,1,0,0
234,43_6,CAR_8087b1335b4a29c381a4e1471a64e66d81a44dfd,A1IBKP5PBH5EHC,3KXIR214I9W7LIOP31O4AR3Q518241,122000,0,0,0,0
147,43_4,CAR_84b8b33282b2d03cd0b8df50acc73e0227c4e928,A1IBKP5PBH5EHC,3C5W7UE9CK6OQOGSXU9TMBEM3VRXMM,304000,0,0,0,0
147,43_4,CAR_862b672c345e10513564350b9582fadd1f03c953,A1IBKP5PBH5EHC,3C5W7UE9CK6OQOGSXU9TMBEM3VRXMM,304000,0,0,0,0
147,43_4,CAR_86b438d14ce5094e61f307c65fd27fd9db4e6f6e,A1IBKP5PBH5EHC,3C5W7UE9CK6OQOGSXU9TMBEM3VRXMM,304000,0,0,0,0
147,43_4,CAR_86c03e5c7a98eade17c8fe33031be2473a4a74a9,A1IBKP5PBH5EHC,3C5W7UE9CK6OQOGSXU9TMBEM3VRXMM,304000,0,0,0,0
147,43_4,CAR_88905414d692b1b3dce13e3c59efedbf0447e586,A1IBKP5PBH5EHC,3C5W7UE9CK6OQOGSXU9TMBEM3VRXMM,304000,0,1,0,0
161,43_4,CAR_eeb998ed455c411c757c49db8d95f8d434ff6ab7,A1IBKP5PBH5EHC,36ZN444YTWEF0WC9BOO5B5GCBJEIO1,124000,0,0,0,0
161,43_4,CAR_ef0408831f2e2d565d0ae5110fb5f9919d204cd6,A1IBKP5PBH5EHC,36ZN444YTWEF0WC9BOO5B5GCBJEIO1,124000,0,0,0,0
161,43_4,CAR_efde85d3777f24f79ee2732339947eadb1d4eb07,A1IBKP5PBH5EHC,36ZN444YTWEF0WC9BOO5B5GCBJEIO1,124000,0,0,0,0
161,43_4,CAR_f1883c021fdeaba76482f2a9ff4745de24cbde2e,A1IBKP5PBH5EHC,36ZN444YTWEF0WC9BOO5B5GCBJEIO1,124000,0,1,0,0
161,43_4,CAR_f2f48b6162888ba01a2a9a49dbb13ac926c20447,A1IBKP5PBH5EHC,36ZN444YTWEF0WC9BOO5B5GCBJEIO1,124000,0,0,0,0
175,43_5,CAR_205df97df9881436faa986b0c6d883848dbbee30,A1IBKP5PBH5EHC,3H8DHMCCWERF2UB8LIV1DRJQZ9ZDKD,55000,0,0,0,0
175,43_5,CAR_20d4c2c4a4bc71ef92f84eb64a255b74210829bf,A1IBKP5PBH5EHC,3H8DHMCCWERF2UB8LIV1DRJQZ9ZDKD,55000,0,0,0,0
175,43_5,CAR_2117a908be88a5fdd03272ed24ebba96e206a935,A1IBKP5PBH5EHC,3H8DHMCCWERF2UB8LIV1DRJQZ9ZDKD,55000,0,0,0,0
175,43_5,CAR_21293a9b6a66b53004ca635ca6be3eca3de51f9e,A1IBKP5PBH5EHC,3H8DHMCCWERF2UB8LIV1DRJQZ9ZDKD,55000,0,0,0,0
175,43_5,CAR_2272ec814a5aa80a8101463a78d64a76e286eaf7,A1IBKP5PBH5EHC,3H8DHMCCWERF2UB8LIV1DRJQZ9ZDKD,55000,0,0,0,0
229,43_6,CAR_04ba08d4a3a42ec64a0d2b159773da1a58d98147,A1IBKP5PBH5EHC,39GAF6DQWWGZQAP84TPDEYTYQEO1VQ,137000,0,0,0,0
229,43_6,CAR_67813022e173a0a437e04949a49e9431b6ed50fe,A1IBKP5PBH5EHC,39GAF6DQWWGZQAP84TPDEYTYQEO1VQ,137000,0,0,0,0
229,43_6,CAR_699e8f8fd7b166a85c88f7cd5d7356aec3634a55,A1IBKP5PBH5EHC,39GAF6DQWWGZQAP84TPDEYTYQEO1VQ,137000,0,0,0,0
229,43_6,CAR_69e72789fcf50e160a393ba4bde886e9cef5b221,A1IBKP5PBH5EHC,39GAF6DQWWGZQAP84TPDEYTYQEO1VQ,137000,0,1,0,0
229,43_6,CAR_69f810699179c128ddcb8ec08c6b75fb66883987,A1IBKP5PBH5EHC,39GAF6DQWWGZQAP84TPDEYTYQEO1VQ,137000,0,0,0,0
182,43_5,CAR_4ad9d2c803e624ad574ccb7c43ce730af5dbc0f2,A1IBKP5PBH5EHC,3M1CVSFP65L3FQ6REDOWJCNTDCVQAH,76000,0,0,0,0
182,43_5,CAR_4b421f14f0fe4fe8c6b20b43152fad165c200764,A1IBKP5PBH5EHC,3M1CVSFP65L3FQ6REDOWJCNTDCVQAH,76000,0,0,0,0
182,43_5,CAR_0073e1a09b3d358380cb8703d73a32bde3992827,A1IBKP5PBH5EHC,3M1CVSFP65L3FQ6REDOWJCNTDCVQAH,76000,0,0,0,0
182,43_5,CAR_4cded0e7bfbc0b6bd617cfe04ad640a84e618bf7,A1IBKP5PBH5EHC,3M1CVSFP65L3FQ6REDOWJCNTDCVQAH,76000,0,0,0,0
182,43_5,CAR_4d71f5215359d089028e681a56df7239f263cc96,A1IBKP5PBH5EHC,3M1CVSFP65L3FQ6REDOWJCNTDCVQAH,76000,0,0,0,0
185,43_5,CAR_610430ece63e18200769faff94fd31a619a60e0c,A1IBKP5PBH5EHC,3C2NJ6JBKFXT7QYVL630909QWDI2N1,98000,0,1,0,0
185,43_5,CAR_06b6616b227984e0def9fdba45fd931dd7458017,A1IBKP5PBH5EHC,3C2NJ6JBKFXT7QYVL630909QWDI2N1,98000,0,0,0,0
185,43_5,CAR_6194804dc2592fe2af3b8a07f9064df027dcfb81,A1IBKP5PBH5EHC,3C2NJ6JBKFXT7QYVL630909QWDI2N1,98000,0,0,0,0
185,43_5,CAR_62deeb7e7eaf468b21d9c110a171e576c21efd29,A1IBKP5PBH5EHC,3C2NJ6JBKFXT7QYVL630909QWDI2N1,98000,0,0,0,0
185,43_5,CAR_64a8505d1d1579252201001f5d755440452abbbd,A1IBKP5PBH5EHC,3C2NJ6JBKFXT7QYVL630909QWDI2N1,98000,0,0,0,0
160,43_4,CAR_e5dd17040c99928c21cdccb7161fe65e17c80c3b,A1IBKP5PBH5EHC,31EUONYN20JKM2W9AVNOQU66JL9VOA,79000,0,0,0,0
160,43_4,CAR_e5decd16671ff230d02a33e21cffc25df7ef10b4,A1IBKP5PBH5EHC,31EUONYN20JKM2W9AVNOQU66JL9VOA,79000,0,0,0,0
160,43_4,CAR_e6e5dab11c9bd84e9c31fa52df9604d27f0fb4e0,A1IBKP5PBH5EHC,31EUONYN20JKM2W9AVNOQU66JL9VOA,79000,0,0,0,0
160,43_4,CAR_e969b7e05feadf7dd8f249def545f5d62c3e0cee,A1IBKP5PBH5EHC,31EUONYN20JKM2W9AVNOQU66JL9VOA,79000,0,0,0,0
160,43_4,CAR_eb776f4e58c3f2856fb6519c7fb3def963200caa,A1IBKP5PBH5EHC,31EUONYN20JKM2W9AVNOQU66JL9VOA,79000,0,0,0,0
202,43_5,CAR_0f1906acb3b475f8f61367f4a4861cfb41a089c0,A1IBKP5PBH5EHC,3K4J6M3CXJ9C21CDBHJKPYJR7PPAG9,51000,0,0,0,0
202,43_5,CAR_ec487b6e35375952555acf19e82969d0d5bf5111,A1IBKP5PBH5EHC,3K4J6M3CXJ9C21CDBHJKPYJR7PPAG9,51000,0,0,0,0
202,43_5,CAR_ec54a3f1f4a427761ed62c33534f1855f6fcc92d,A1IBKP5PBH5EHC,3K4J6M3CXJ9C21CDBHJKPYJR7PPAG9,51000,0,0,0,0
202,43_5,CAR_f07f8d99f43b361150838977fd4ccbf9ef648a12,A1IBKP5PBH5EHC,3K4J6M3CXJ9C21CDBHJKPYJR7PPAG9,51000,0,0,0,0
202,43_5,CAR_f1335299526bfbde8b885b2ffc8ff88fdca8f379,A1IBKP5PBH5EHC,3K4J6M3CXJ9C21CDBHJKPYJR7PPAG9,51000,0,0,0,0
244,43_6,CAR_0b26b8acfad41bcc61efcf1ce848c6b9f066411d,A1IBKP5PBH5EHC,33LKR6A5KJ0KDILJZYPYDG5DTUDT19,132000,0,1,0,0
244,43_6,CAR_cf7870844ad61eccd8e6542e638de81ff079a7ea,A1IBKP5PBH5EHC,33LKR6A5KJ0KDILJZYPYDG5DTUDT19,132000,0,0,0,0
244,43_6,CAR_d11b065ec785ab68b3f3718d2645860bb1cecadd,A1IBKP5PBH5EHC,33LKR6A5KJ0KDILJZYPYDG5DTUDT19,132000,0,0,0,0
244,43_6,CAR_d14a3615eaccd0ee8056833568fac141a64b81d6,A1IBKP5PBH5EHC,33LKR6A5KJ0KDILJZYPYDG5DTUDT19,132000,0,0,0,0
244,43_6,CAR_d228131e6b0105ed88683428a7eb76cd6396ec8a,A1IBKP5PBH5EHC,33LKR6A5KJ0KDILJZYPYDG5DTUDT19,132000,0,1,0,0
258,43_6,MARCO_4877425,A1IBKP5PBH5EHC,3IAEQB9FMJ06XU5PAWE412DLML3DWE,85000,0,0,0,0
258,43_6,MARCO_49812,A1IBKP5PBH5EHC,3IAEQB9FMJ06XU5PAWE412DLML3DWE,85000,0,0,0,0
258,43_6,MARCO_5049182,A1IBKP5PBH5EHC,3IAEQB9FMJ06XU5PAWE412DLML3DWE,85000,0,0,0,0
258,43_6,MARCO_5093079,A1IBKP5PBH5EHC,3IAEQB9FMJ06XU5PAWE412DLML3DWE,85000,0,0,0,0
258,43_6,MARCO_5113207,A1IBKP5PBH5EHC,3IAEQB9FMJ06XU5PAWE412DLML3DWE,85000,0,0,0,0
155,43_4,CAR_bcbef7e2de81db892b64c543c8aade00f9e83b26,A1IBKP5PBH5EHC,3WJ1OXY92FWX9M6VSJ7WXL2TJ62A8J,243000,0,0,0,0
155,43_4,CAR_be4e52ccd8ad6a569ea601e1d386482d6e6607d4,A1IBKP5PBH5EHC,3WJ1OXY92FWX9M6VSJ7WXL2TJ62A8J,243000,0,0,0,0
155,43_4,CAR_be87c30a3fa2d6fea4d61190b75aea9772499326,A1IBKP5PBH5EHC,3WJ1OXY92FWX9M6VSJ7WXL2TJ62A8J,243000,0,0,0,0
155,43_4,CAR_052966ef680601f5c3679ddbe1e40cd468af9759,A1IBKP5PBH5EHC,3WJ1OXY92FWX9M6VSJ7WXL2TJ62A8J,243000,0,1,0,0
155,43_4,CAR_bea256330e23fda6793949f8fab65c4578ddbed7,A1IBKP5PBH5EHC,3WJ1OXY92FWX9M6VSJ7WXL2TJ62A8J,243000,0,0,0,0
203,43_5,CAR_f1d933c430b2f9e8ab6c9e32b5bc86d5bcd72bf7,A1IBKP5PBH5EHC,37QW5D2ZRL219ISP9JTNILWZ5CJS87,72000,0,0,0,0
203,43_5,CAR_f2f48b6162888ba01a2a9a49dbb13ac926c20447,A1IBKP5PBH5EHC,37QW5D2ZRL219ISP9JTNILWZ5CJS87,72000,0,0,0,0
203,43_5,CAR_f386d12bcce2662354bb448c7f69dad072c989a0,A1IBKP5PBH5EHC,37QW5D2ZRL219ISP9JTNILWZ5CJS87,72000,0,0,0,0
203,43_5,CAR_f3c3026f5ffc5c5d494c58b3e488715157dd7773,A1IBKP5PBH5EHC,37QW5D2ZRL219ISP9JTNILWZ5CJS87,72000,0,0,0,0
203,43_5,CAR_f3c96d8bbec903a7d734f8a0656dfb616f022a84,A1IBKP5PBH5EHC,37QW5D2ZRL219ISP9JTNILWZ5CJS87,72000,0,0,0,0
167,43_4,MARCO_5049182,A1IBKP5PBH5EHC,3GGAI1SQE0E0NQ5X6YD68YTC3EGMCP,80000,0,0,0,0
167,43_4,MARCO_5153785,A1IBKP5PBH5EHC,3GGAI1SQE0E0NQ5X6YD68YTC3EGMCP,80000,0,0,0,0
167,43_4,MARCO_5153790,A1IBKP5PBH5EHC,3GGAI1SQE0E0NQ5X6YD68YTC3EGMCP,80000,0,0,0,0
167,43_4,MARCO_524263,A1IBKP5PBH5EHC,3GGAI1SQE0E0NQ5X6YD68YTC3EGMCP,80000,0,0,0,0
167,43_4,MARCO_524265,A1IBKP5PBH5EHC,3GGAI1SQE0E0NQ5X6YD68YTC3EGMCP,80000,0,0,0,0
164,43_4,MARCO_1034721,A1IBKP5PBH5EHC,34S9DKFK785J8BR2ERAVI4AVBS7YN8,40000,0,0,0,0
164,43_4,MARCO_1142654,A1IBKP5PBH5EHC,34S9DKFK785J8BR2ERAVI4AVBS7YN8,40000,0,0,0,0
164,43_4,MARCO_1255514,A1IBKP5PBH5EHC,34S9DKFK785J8BR2ERAVI4AVBS7YN8,40000,0,0,0,0
164,43_4,MARCO_1782913,A1IBKP5PBH5EHC,34S9DKFK785J8BR2ERAVI4AVBS7YN8,40000,0,0,0,0
164,43_4,MARCO_2223627,A1IBKP5PBH5EHC,34S9DKFK785J8BR2ERAVI4AVBS7YN8,40000,0,0,0,0
257,43_6,MARCO_3763848,A1IBKP5PBH5EHC,3KOPY89HMDIM9I3TA8PDZ3X1TC53JB,68000,0,0,0,0
257,43_6,MARCO_4304860,A1IBKP5PBH5EHC,3KOPY89HMDIM9I3TA8PDZ3X1TC53JB,68000,0,0,0,0
257,43_6,MARCO_4543381,A1IBKP5PBH5EHC,3KOPY89HMDIM9I3TA8PDZ3X1TC53JB,68000,0,0,0,0
257,43_6,MARCO_4543382,A1IBKP5PBH5EHC,3KOPY89HMDIM9I3TA8PDZ3X1TC53JB,68000,0,0,0,0
257,43_6,MARCO_4864904,A1IBKP5PBH5EHC,3KOPY89HMDIM9I3TA8PDZ3X1TC53JB,68000,0,0,0,0
197,43_5,CAR_b25cf8790bc4249e9aad2cbff2349a4de72d2bce,A1IBKP5PBH5EHC,3WT783CTPGX44Z10F9NXUIIIRFIBCV,114000,0,0,0,0
197,43_5,CAR_b56fec53ee227c3942e3bbe305a004955fdf32a9,A1IBKP5PBH5EHC,3WT783CTPGX44Z10F9NXUIIIRFIBCV,114000,0,0,0,0
197,43_5,CAR_b9671a2904646665b8694065f2840996f3e3d5dd,A1IBKP5PBH5EHC,3WT783CTPGX44Z10F9NXUIIIRFIBCV,114000,0,0,0,0
197,43_5,CAR_ba1a14727df9732c7d2354cc63fb46116e2856c0,A1IBKP5PBH5EHC,3WT783CTPGX44Z10F9NXUIIIRFIBCV,114000,0,0,0,0
197,43_5,CAR_baa523df8092784a341b750a11ad03e82126988a,A1IBKP5PBH5EHC,3WT783CTPGX44Z10F9NXUIIIRFIBCV,114000,0,0,0,0
145,43_4,CAR_754167914dd9f105b9fc924590b3ed7b7aa51e4c,A1IBKP5PBH5EHC,317HQ483IC8XIBCXA9OSWGG7K8XNIC,109000,0,0,0,0
145,43_4,CAR_755ae10a4573225522807a8fbd8191fa00c12d24,A1IBKP5PBH5EHC,317HQ483IC8XIBCXA9OSWGG7K8XNIC,109000,0,0,0,0
145,43_4,CAR_759f094bc40f36c4d136ebcbbb51543564add17e,A1IBKP5PBH5EHC,317HQ483IC8XIBCXA9OSWGG7K8XNIC,109000,0,0,0,0
145,43_4,CAR_76c3af2e6045de0b9f527e577b0846e5cf6df971,A1IBKP5PBH5EHC,317HQ483IC8XIBCXA9OSWGG7K8XNIC,109000,0,0,0,0
145,43_4,CAR_78f6cf03f649b38c8d67bbf07c9262ffcb49ef04,A1IBKP5PBH5EHC,317HQ483IC8XIBCXA9OSWGG7K8XNIC,109000,0,0,0,0
141,43_4,CAR_5a9ef4fc04aa1efddd4a3a91a2a86eb8056f4220,A1IBKP5PBH5EHC,3VAR3R6G1UHMBQ0W22CEYGMY7MVO8I,111000,0,0,0,0
141,43_4,CAR_5b4c558e82f154b4aee5be5c9321875fe26043b3,A1IBKP5PBH5EHC,3VAR3R6G1UHMBQ0W22CEYGMY7MVO8I,111000,0,0,0,0
141,43_4,CAR_5c4f0ecf36d22ccb93d451feac7ff4c7bd863472,A1IBKP5PBH5EHC,3VAR3R6G1UHMBQ0W22CEYGMY7MVO8I,111000,0,0,0,0
141,43_4,CAR_5ce081452ae7c679fdc499bbfde217560f04d39b,A1IBKP5PBH5EHC,3VAR3R6G1UHMBQ0W22CEYGMY7MVO8I,111000,0,1,0,0
141,43_4,CAR_5f0e59f2423a1d0257eca29753a87a769b0df741,A1IBKP5PBH5EHC,3VAR3R6G1UHMBQ0W22CEYGMY7MVO8I,111000,0,0,0,0
184,43_5,CAR_58214d5763f65d8b3a4e8bb3797012f541279c08,A1IBKP5PBH5EHC,3P4RDNWNDAM1ZLLCVBW039ZQCP9IJN,83000,0,0,0,0
184,43_5,CAR_5bb3758577bb053f0b1ea145ac2a55589389a85c,A1IBKP5PBH5EHC,3P4RDNWNDAM1ZLLCVBW039ZQCP9IJN,83000,0,4,0,1
184,43_5,CAR_5da9b8c4b64bee4ea9d670c287309251cef4c463,A1IBKP5PBH5EHC,3P4RDNWNDAM1ZLLCVBW039ZQCP9IJN,83000,0,0,0,0
184,43_5,CAR_603358dbd80f568d0780314f93746f71a8f3240d,A1IBKP5PBH5EHC,3P4RDNWNDAM1ZLLCVBW039ZQCP9IJN,83000,0,0,0,0
184,43_5,CAR_604ab8567948b86333272ee661e0845d7e9c344a,A1IBKP5PBH5EHC,3P4RDNWNDAM1ZLLCVBW039ZQCP9IJN,83000,0,0,0,0
253,43_6,CAR_0e0f733f6a32f4dac5320158d8050433465e5726,A1IBKP5PBH5EHC,3VBEN272MPFG2XY7SH5BAYDXT0LSGM,86000,0,0,0,0
253,43_6,MARCO_2198832,A1IBKP5PBH5EHC,3VBEN272MPFG2XY7SH5BAYDXT0LSGM,86000,0,0,0,0
253,43_6,MARCO_2200012,A1IBKP5PBH5EHC,3VBEN272MPFG2XY7SH5BAYDXT0LSGM,86000,0,0,0,0
253,43_6,MARCO_2223627,A1IBKP5PBH5EHC,3VBEN272MPFG2XY7SH5BAYDXT0LSGM,86000,0,0,0,0
253,43_6,MARCO_2223634,A1IBKP5PBH5EHC,3VBEN272MPFG2XY7SH5BAYDXT0LSGM,86000,0,0,0,0
227,43_6,CAR_5410bfa84b866d6605b03d7c3f7a2da62f82f072,A1IBKP5PBH5EHC,39PAAFCODRG0ZU1H6C9NK4CTIXDTVP,116000,0,0,0,0
227,43_6,CAR_558fae83fd01f2b76f898701bbe05dcafb706fdc,A1IBKP5PBH5EHC,39PAAFCODRG0ZU1H6C9NK4CTIXDTVP,116000,0,0,0,0
227,43_6,CAR_57515893e66771ea7eda38534489c6f0e1ac2610,A1IBKP5PBH5EHC,39PAAFCODRG0ZU1H6C9NK4CTIXDTVP,116000,0,0,0,0
227,43_6,CAR_58214d5763f65d8b3a4e8bb3797012f541279c08,A1IBKP5PBH5EHC,39PAAFCODRG0ZU1H6C9NK4CTIXDTVP,116000,0,0,0,0
227,43_6,CAR_5b02dd23723cb6c0fdeeda568233de27a09bbd04,A1IBKP5PBH5EHC,39PAAFCODRG0ZU1H6C9NK4CTIXDTVP,116000,0,1,0,0
154,43_4,CAR_b582a551ae518887c2bf7e1c4fb79bb22c3800c8,A1IBKP5PBH5EHC,3LYA37P8IV3MNXDO7M4VI1VQWOGBKX,122000,0,0,0,0
154,43_4,CAR_b62c2cdf742f2a4debea55b91a856d2ca4c90862,A1IBKP5PBH5EHC,3LYA37P8IV3MNXDO7M4VI1VQWOGBKX,122000,0,0,0,0
154,43_4,CAR_b6fb71a0bf75e63346881e9f747124ae2507dc9e,A1IBKP5PBH5EHC,3LYA37P8IV3MNXDO7M4VI1VQWOGBKX,122000,0,0,0,0
154,43_4,CAR_bb7c5ffd28c0bd6530d40e0a288421e2448edf76,A1IBKP5PBH5EHC,3LYA37P8IV3MNXDO7M4VI1VQWOGBKX,122000,0,0,0,0
154,43_4,CAR_bc7cfc67e44524e72d8500f59499e5badb717e06,A1IBKP5PBH5EHC,3LYA37P8IV3MNXDO7M4VI1VQWOGBKX,122000,0,0,0,0
140,43_4,CAR_515759b8187572f97a59e30eeb015803c9a39c40,A1IBKP5PBH5EHC,36U2A8VAG6FI056ZHEIFQCTRGWOKY8,131000,0,0,0,0
140,43_4,CAR_563f273a10070ca3fb7a2959a3df54653cffe8af,A1IBKP5PBH5EHC,36U2A8VAG6FI056ZHEIFQCTRGWOKY8,131000,0,0,0,0
140,43_4,CAR_5688dc4cef61fbd88ca0b9aef039f219998f4383,A1IBKP5PBH5EHC,36U2A8VAG6FI056ZHEIFQCTRGWOKY8,131000,0,0,0,0
140,43_4,CAR_575b9ea613182336e0e4519bd51e995bfee5072f,A1IBKP5PBH5EHC,36U2A8VAG6FI056ZHEIFQCTRGWOKY8,131000,0,1,0,0
140,43_4,CAR_58e4961a0858f70902626a32d4ed9b2dd775c837,A1IBKP5PBH5EHC,36U2A8VAG6FI056ZHEIFQCTRGWOKY8,131000,0,0,0,0
158,43_4,CAR_d14a3615eaccd0ee8056833568fac141a64b81d6,A1IBKP5PBH5EHC,3SKRO2GZ767LAZVW5PB6CPIHACSK1Q,172000,0,0,0,0
158,43_4,CAR_d2e542b0775999bac9b46b1d8bf2f16c9f7ad9f3,A1IBKP5PBH5EHC,3SKRO2GZ767LAZVW5PB6CPIHACSK1Q,172000,0,0,0,0
158,43_4,CAR_daf20a16c5e4776b11a38076c854ab3ca2d06a37,A1IBKP5PBH5EHC,3SKRO2GZ767LAZVW5PB6CPIHACSK1Q,172000,0,0,0,0
158,43_4,CAR_dcda4cc4f2810974847d997488f2f8e920b34de8,A1IBKP5PBH5EHC,3SKRO2GZ767LAZVW5PB6CPIHACSK1Q,172000,0,0,0,0
158,43_4,CAR_058891516dceca07bcf9f4d29c8f1b76d8f0d003,A1IBKP5PBH5EHC,3SKRO2GZ767LAZVW5PB6CPIHACSK1Q,172000,0,0,0,0
236,43_6,CAR_8c853c90928720ed6a15de22183381f2707e3a74,A1IBKP5PBH5EHC,3CP1TO84PYHPH1SPH67EFJ945X452A,208000,0,0,0,0
236,43_6,CAR_8d3e1ed9653aca1883b568f1dc13c0e2a441f164,A1IBKP5PBH5EHC,3CP1TO84PYHPH1SPH67EFJ945X452A,208000,0,0,0,0
236,43_6,CAR_8d43f5677c775c4ab0757769d98e81faf61ba594,A1IBKP5PBH5EHC,3CP1TO84PYHPH1SPH67EFJ945X452A,208000,0,1,0,0
236,43_6,CAR_8d67cd397edabaaf5a050a0d76a4af24b519e901,A1IBKP5PBH5EHC,3CP1TO84PYHPH1SPH67EFJ945X452A,208000,0,0,0,0
236,43_6,CAR_8deb401f727f47e57a18f83cd45668d7cb565c23,A1IBKP5PBH5EHC,3CP1TO84PYHPH1SPH67EFJ945X452A,208000,0,0,0,0
256,43_6,CAR_0f0940ff3b924fcd21386c589bbc64f5966e7bb3,A1IBKP5PBH5EHC,37Q970SNZJOJYI84AYK83B9RRB3S1N,149000,0,4,0,1
256,43_6,MARCO_3310711,A1IBKP5PBH5EHC,37Q970SNZJOJYI84AYK83B9RRB3S1N,149000,0,0,0,0
256,43_6,MARCO_3310712,A1IBKP5PBH5EHC,37Q970SNZJOJYI84AYK83B9RRB3S1N,149000,0,0,0,0
256,43_6,MARCO_3569605,A1IBKP5PBH5EHC,37Q970SNZJOJYI84AYK83B9RRB3S1N,149000,0,0,0,0
256,43_6,MARCO_3580000,A1IBKP5PBH5EHC,37Q970SNZJOJYI84AYK83B9RRB3S1N,149000,0,0,0,0
132,43_4,CAR_1c3e54e0b5660152187666686c27d891ca86339c,A1IBKP5PBH5EHC,3WLEIWSYHTX1XUCKI88N4GCU90N2H3,140000,0,0,0,0
132,43_4,CAR_1d66ce6fe6b7dfcac5082b307ef01e43f86a2b81,A1IBKP5PBH5EHC,3WLEIWSYHTX1XUCKI88N4GCU90N2H3,140000,0,0,0,0
132,43_4,CAR_2008378f6c02a6137e02a2c14af7eb74d43b1a82,A1IBKP5PBH5EHC,3WLEIWSYHTX1XUCKI88N4GCU90N2H3,140000,0,0,0,0
132,43_4,CAR_2142fd5ca34f4250d2020dee05f63c1a3451eceb,A1IBKP5PBH5EHC,3WLEIWSYHTX1XUCKI88N4GCU90N2H3,140000,0,0,0,0
132,43_4,CAR_24505dec39873f9419567dba23ae4c61dd4bd668,A1IBKP5PBH5EHC,3WLEIWSYHTX1XUCKI88N4GCU90N2H3,140000,0,0,0,0
183,43_5,CAR_4e6590f9d95f1d8b284e6a4c78e61dd8f5d46854,A1IBKP5PBH5EHC,3KYQYYSHY0NYSLWNJANUK80ZJEAOD9,434000,0,0,0,0
183,43_5,CAR_5193b988d3bdf1373f5275594f6bc2931e1c2b6b,A1IBKP5PBH5EHC,3KYQYYSHY0NYSLWNJANUK80ZJEAOD9,434000,0,0,0,0
183,43_5,CAR_51eaa3e9107f65987dd2ffa4479689cd953bff28,A1IBKP5PBH5EHC,3KYQYYSHY0NYSLWNJANUK80ZJEAOD9,434000,0,0,0,0
183,43_5,CAR_55169bc2dbc18f8923b78ad3a4fc9be0bb6c5f8e,A1IBKP5PBH5EHC,3KYQYYSHY0NYSLWNJANUK80ZJEAOD9,434000,0,0,0,0
183,43_5,CAR_55a28019be7799fc27d96ad753c1d8994a23bd85,A1IBKP5PBH5EHC,3KYQYYSHY0NYSLWNJANUK80ZJEAOD9,434000,0,0,0,0
231,43_6,CAR_6eff497d51fc61bf04e811d572d476d5faf45dc5,A1IBKP5PBH5EHC,304SM51WA8KKBGQWCVDX9NM0DNMBSH,182000,0,0,0,0
231,43_6,CAR_6f323df07cea21f719e27f7742137659c80fae7d,A1IBKP5PBH5EHC,304SM51WA8KKBGQWCVDX9NM0DNMBSH,182000,0,0,0,0
231,43_6,CAR_6fdb377acb273fe709f907b58076723d94c7a292,A1IBKP5PBH5EHC,304SM51WA8KKBGQWCVDX9NM0DNMBSH,182000,0,0,0,0
231,43_6,CAR_710ac0871469cd815f0a99ebc2b109d2a99663b6,A1IBKP5PBH5EHC,304SM51WA8KKBGQWCVDX9NM0DNMBSH,182000,0,0,0,0
231,43_6,CAR_725f3222775ec8bbc852616aa28f7cf62926991e,A1IBKP5PBH5EHC,304SM51WA8KKBGQWCVDX9NM0DNMBSH,182000,0,0,0,0
228,43_6,CAR_60dba9ae787f77972186957914f43ec4f3049563,A1IBKP5PBH5EHC,3QAVNHZ3ERKSOTQEM8G02QOZ3ARAL3,184000,0,0,0,0
228,43_6,CAR_61599526919a260cac8e139a35af9ad042a7fc75,A1IBKP5PBH5EHC,3QAVNHZ3ERKSOTQEM8G02QOZ3ARAL3,184000,0,0,0,0
228,43_6,CAR_639bb8fc8b47c769724f14066a2b10935594b6c5,A1IBKP5PBH5EHC,3QAVNHZ3ERKSOTQEM8G02QOZ3ARAL3,184000,0,4,0,1
228,43_6,CAR_640b02537cd2b03e165335d38f9f1f12423b6702,A1IBKP5PBH5EHC,3QAVNHZ3ERKSOTQEM8G02QOZ3ARAL3,184000,0,0,0,0
228,43_6,CAR_6655337672f1ea695bdc637f8350c4b770c97df6,A1IBKP5PBH5EHC,3QAVNHZ3ERKSOTQEM8G02QOZ3ARAL3,184000,0,0,0,0
251,43_6,CAR_fa18a9a8695aea6a49d1c4c6f49dbf5e1b2af3bc,A1IBKP5PBH5EHC,3DEL4X4ELB1OK556GXX4G61TDBCXYW,58000,0,0,0,0
251,43_6,CAR_fb9e71b88937bdc7d84106002ec7b94f4cbf6ae7,A1IBKP5PBH5EHC,3DEL4X4ELB1OK556GXX4G61TDBCXYW,58000,0,0,0,0
251,43_6,CAR_ffd285f6ae061f13f30c805b62116c23035ab657,A1IBKP5PBH5EHC,3DEL4X4ELB1OK556GXX4G61TDBCXYW,58000,0,0,0,0
251,43_6,MARCO_1034721,A1IBKP5PBH5EHC,3DEL4X4ELB1OK556GXX4G61TDBCXYW,58000,0,0,0,0
251,43_6,MARCO_1255512,A1IBKP5PBH5EHC,3DEL4X4ELB1OK556GXX4G61TDBCXYW,58000,0,0,0,0
223,43_6,CAR_34284710e9655d91d33f5602ce56aebbc36232f1,A1IBKP5PBH5EHC,33FOTY3KER13R1J8DCU8O659573C1X,109000,0,1,0,0
223,43_6,CAR_34d2f5376d90be85956063e52bda1c24d8d7a475,A1IBKP5PBH5EHC,33FOTY3KER13R1J8DCU8O659573C1X,109000,0,0,0,0
223,43_6,CAR_3ab8725164c46754ca2ae77f0f9aab272c225bbf,A1IBKP5PBH5EHC,33FOTY3KER13R1J8DCU8O659573C1X,109000,0,0,0,0
223,43_6,CAR_3bf70de0b9cf586ddce139fca068d53020f87ee7,A1IBKP5PBH5EHC,33FOTY3KER13R1J8DCU8O659573C1X,109000,0,0,0,0
223,43_6,CAR_3c6a3e24161a2dc64c3931995da829634f0ff497,A1IBKP5PBH5EHC,33FOTY3KER13R1J8DCU8O659573C1X,109000,0,0,0,0
194,43_5,CAR_9d02779c996279ae0e06d143a8b39c7b43689eae,A1IBKP5PBH5EHC,3X3OR7WPZ4GE55XZPAWM6ZI4DIAL8L,105000,0,0,0,0
194,43_5,CAR_9e43e903ffc491d29edefa929c84cc1c7552dcfe,A1IBKP5PBH5EHC,3X3OR7WPZ4GE55XZPAWM6ZI4DIAL8L,105000,0,0,0,0
194,43_5,CAR_9e9b44b736b4a6962a1a256e8ddd733be929c1d4,A1IBKP5PBH5EHC,3X3OR7WPZ4GE55XZPAWM6ZI4DIAL8L,105000,0,0,0,0
194,43_5,CAR_a0879f81a533c4072f92a834eb01b306b9e0b2f3,A1IBKP5PBH5EHC,3X3OR7WPZ4GE55XZPAWM6ZI4DIAL8L,105000,0,0,0,0
194,43_5,CAR_a69bdc65eefcb1180b40208b5be12f41ae35e923,A1IBKP5PBH5EHC,3X3OR7WPZ4GE55XZPAWM6ZI4DIAL8L,105000,0,0,0,0
193,43_5,CAR_9785dff237e604bb0712af48048c90e363343b9a,A1IBKP5PBH5EHC,37Z929RLGEOK72KDCH4I9HSMJP3STV,111000,0,0,0,0
193,43_5,CAR_988b4501b4009961cee334521947ecc626a80899,A1IBKP5PBH5EHC,37Z929RLGEOK72KDCH4I9HSMJP3STV,111000,0,0,0,0
193,43_5,CAR_9b9e2aafc37c3635942e1edd05f25daafcfb9dbe,A1IBKP5PBH5EHC,37Z929RLGEOK72KDCH4I9HSMJP3STV,111000,0,0,0,0
193,43_5,CAR_092117535bc3d74da4d8ff4588791b0f9b16211a,A1IBKP5PBH5EHC,37Z929RLGEOK72KDCH4I9HSMJP3STV,111000,0,0,0,0
193,43_5,CAR_9c76ddbddfd7862be2eac6a7ad697ad67d5b64d1,A1IBKP5PBH5EHC,37Z929RLGEOK72KDCH4I9HSMJP3STV,111000,0,0,0,0
207,43_5,MARCO_2554977,A1IBKP5PBH5EHC,3VNXK88KKHYHFFS38646T4BHOMW9VJ,165000,0,0,0,0
207,43_5,MARCO_297206,A1IBKP5PBH5EHC,3VNXK88KKHYHFFS38646T4BHOMW9VJ,165000,0,0,0,0
207,43_5,MARCO_3003654,A1IBKP5PBH5EHC,3VNXK88KKHYHFFS38646T4BHOMW9VJ,165000,0,0,0,0
207,43_5,CAR_128f60afb34309b2cd8a458c1015d4576eb0c8ce,A1IBKP5PBH5EHC,3VNXK88KKHYHFFS38646T4BHOMW9VJ,165000,0,0,0,0
207,43_5,MARCO_318337,A1IBKP5PBH5EHC,3VNXK88KKHYHFFS38646T4BHOMW9VJ,165000,0,0,0,0
177,43_5,CAR_2ee5a86a03a031f91fc5e0fc46911eb814087024,A1IBKP5PBH5EHC,30JNVC0ORE0IPDE5KJYO0YAXQ7KHQI,129000,0,0,0,0
177,43_5,CAR_30a01ca83ccceed26778f8aa084442df9b150b24,A1IBKP5PBH5EHC,30JNVC0ORE0IPDE5KJYO0YAXQ7KHQI,129000,0,0,0,0
177,43_5,CAR_31e6ed2e2852129c4ed01d663c1f427169ececbc,A1IBKP5PBH5EHC,30JNVC0ORE0IPDE5KJYO0YAXQ7KHQI,129000,0,0,0,0
177,43_5,CAR_31f271a4873c1694ad9d85f5fbdc6d7cfd4aa3d5,A1IBKP5PBH5EHC,30JNVC0ORE0IPDE5KJYO0YAXQ7KHQI,129000,0,0,0,0
177,43_5,CAR_332fe0a6938ce8ef6ee1be39454b09094ad53a2c,A1IBKP5PBH5EHC,30JNVC0ORE0IPDE5KJYO0YAXQ7KHQI,129000,0,0,0,0
208,43_5,MARCO_3310703,A1IBKP5PBH5EHC,3R6BYFZZPCSIKEOBB75GRLUD7VZFXK,224000,0,0,0,0
208,43_5,MARCO_3310704,A1IBKP5PBH5EHC,3R6BYFZZPCSIKEOBB75GRLUD7VZFXK,224000,0,0,0,0
208,43_5,MARCO_3310705,A1IBKP5PBH5EHC,3R6BYFZZPCSIKEOBB75GRLUD7VZFXK,224000,0,1,0,0
208,43_5,MARCO_3310706,A1IBKP5PBH5EHC,3R6BYFZZPCSIKEOBB75GRLUD7VZFXK,224000,0,3,0,1
208,43_5,MARCO_3310707,A1IBKP5PBH5EHC,3R6BYFZZPCSIKEOBB75GRLUD7VZFXK,224000,0,0,0,0
239,43_6,CAR_9e9b44b736b4a6962a1a256e8ddd733be929c1d4,A1IBKP5PBH5EHC,3H0W84IWBPI6H4237XFIKLNPUIJERZ,105000,0,0,0,0
239,43_6,CAR_9f6e4d820c7a68ca27fd9cf9730b49d009505265,A1IBKP5PBH5EHC,3H0W84IWBPI6H4237XFIKLNPUIJERZ,105000,0,0,0,0
239,43_6,CAR_a068672461df0ef439e26920bd65a7f0988ac3e9,A1IBKP5PBH5EHC,3H0W84IWBPI6H4237XFIKLNPUIJERZ,105000,0,0,0,0
239,43_6,CAR_a60b0a184d4e5ccb034f77f181113920bd0f24ea,A1IBKP5PBH5EHC,3H0W84IWBPI6H4237XFIKLNPUIJERZ,105000,0,4,0,1
239,43_6,CAR_a8435db748cf69799621b2ea1e37e92b06ee2526,A1IBKP5PBH5EHC,3H0W84IWBPI6H4237XFIKLNPUIJERZ,105000,0,0,0,0
200,43_5,CAR_d08848b36b74bcad95230a21c49ac1d20a0af713,A1IBKP5PBH5EHC,3O7L7BFSHJ5TO5ZKHAL96TMY7HFIE4,74000,0,0,0,0
200,43_5,CAR_d14a3615eaccd0ee8056833568fac141a64b81d6,A1IBKP5PBH5EHC,3O7L7BFSHJ5TO5ZKHAL96TMY7HFIE4,74000,0,0,0,0
200,43_5,CAR_d21e6485053f8877330e94ddd660572ee540010a,A1IBKP5PBH5EHC,3O7L7BFSHJ5TO5ZKHAL96TMY7HFIE4,74000,0,0,0,0
200,43_5,CAR_d7328412ac87bf0696966844a363eaa67d73b2b9,A1IBKP5PBH5EHC,3O7L7BFSHJ5TO5ZKHAL96TMY7HFIE4,74000,0,0,0,0
200,43_5,CAR_d7720d27606813b38a3e0c4bccd3663581a09c0c,A1IBKP5PBH5EHC,3O7L7BFSHJ5TO5ZKHAL96TMY7HFIE4,74000,0,0,0,0
216,43_6,CAR_0f0940ff3b924fcd21386c589bbc64f5966e7bb3,A1IBKP5PBH5EHC,3FFJ6VRIL64UXFKQ93MUL4KUDKE0IH,158000,0,4,0,1
216,43_6,CAR_0fd0bee9981445dc04735453e32146fdae86b214,A1IBKP5PBH5EHC,3FFJ6VRIL64UXFKQ93MUL4KUDKE0IH,158000,0,0,0,0
216,43_6,CAR_0fd93a6668ea47641fc78097c1d0dbb67c84673c,A1IBKP5PBH5EHC,3FFJ6VRIL64UXFKQ93MUL4KUDKE0IH,158000,0,0,0,0
216,43_6,CAR_1208587c12138962f901cced0726b20e075c93a2,A1IBKP5PBH5EHC,3FFJ6VRIL64UXFKQ93MUL4KUDKE0IH,158000,0,0,0,0
216,43_6,CAR_1251a70f8bdb2d50c76d6199937eff55b03f314a,A1IBKP5PBH5EHC,3FFJ6VRIL64UXFKQ93MUL4KUDKE0IH,158000,0,0,0,0
199,43_5,CAR_c86e1144343d52c5d81aa91ea267039d81171b1f,A1IBKP5PBH5EHC,3ERET4BTVRP3Z4YR92QZRV008OO9KW,59000,0,0,0,0
199,43_5,CAR_0b8dbc4f6c3a9e33d49d56492c77f14aa39e083a,A1IBKP5PBH5EHC,3ERET4BTVRP3Z4YR92QZRV008OO9KW,59000,0,0,0,0
199,43_5,CAR_cc2cb90e1cc88d0997acba1d6e4bf7512c02faf6,A1IBKP5PBH5EHC,3ERET4BTVRP3Z4YR92QZRV008OO9KW,59000,0,0,0,0
199,43_5,CAR_cedbc4939bc7c03a6d6b04d8ca70e28e26cc52be,A1IBKP5PBH5EHC,3ERET4BTVRP3Z4YR92QZRV008OO9KW,59000,0,0,0,0
199,43_5,CAR_cf40b54111b950317eaefbac50b1c2fbed4421e4,A1IBKP5PBH5EHC,3ERET4BTVRP3Z4YR92QZRV008OO9KW,59000,0,0,0,0
189,43_5,CAR_7525d617337115e1185946884af831b5c879b489,A1IBKP5PBH5EHC,3ZPPDN2SL0C0D46HDGFWT0NVORR9EB,81000,0,0,0,0
189,43_5,CAR_7736708f2730f8ee848115994c3a6d2940ca03b0,A1IBKP5PBH5EHC,3ZPPDN2SL0C0D46HDGFWT0NVORR9EB,81000,0,0,0,0
189,43_5,CAR_778aa9c7f5a90995e659296c9a849786029d6ed3,A1IBKP5PBH5EHC,3ZPPDN2SL0C0D46HDGFWT0NVORR9EB,81000,0,0,0,0
189,43_5,CAR_79a5b2b4558101b0a019fc1aa864bb3ce4dbdec2,A1IBKP5PBH5EHC,3ZPPDN2SL0C0D46HDGFWT0NVORR9EB,81000,0,0,0,0
189,43_5,CAR_7b717461c970b3772f93f05c2faea6bf74038088,A1IBKP5PBH5EHC,3ZPPDN2SL0C0D46HDGFWT0NVORR9EB,81000,0,0,0,0
156,43_4,CAR_c13d73d7cbe4bebd161efe50b734c8412086c00b,A1IBKP5PBH5EHC,336KAV9KYV8NJP29S8CBQG7X0XDY2E,219000,0,0,0,0
156,43_4,CAR_c3590adf23ebc569d210fc15ba192245eec6f722,A1IBKP5PBH5EHC,336KAV9KYV8NJP29S8CBQG7X0XDY2E,219000,0,0,0,0
156,43_4,CAR_c35dd09d02753451ca2c1d2cce14124b39541ff3,A1IBKP5PBH5EHC,336KAV9KYV8NJP29S8CBQG7X0XDY2E,219000,0,0,0,0
156,43_4,CAR_c51d76226ad464081e165cf693babb98486684c5,A1IBKP5PBH5EHC,336KAV9KYV8NJP29S8CBQG7X0XDY2E,219000,0,0,0,0
156,43_4,CAR_c6116233eb58f3fbde5776107d6f85ee7ad7c95d,A1IBKP5PBH5EHC,336KAV9KYV8NJP29S8CBQG7X0XDY2E,219000,0,0,0,0
245,43_6,CAR_d3a93fe1f3f73ac48f9a4b9291fdf444e6e87f4c,A1IBKP5PBH5EHC,3P529IW9K31NKK7MXO2SGRZQ0RBLF0,156000,0,0,0,0
245,43_6,CAR_d708a2d2621e089d8cba5b2619dc235e9daaeab6,A1IBKP5PBH5EHC,3P529IW9K31NKK7MXO2SGRZQ0RBLF0,156000,0,0,0,0
245,43_6,CAR_d7328412ac87bf0696966844a363eaa67d73b2b9,A1IBKP5PBH5EHC,3P529IW9K31NKK7MXO2SGRZQ0RBLF0,156000,0,0,0,0
245,43_6,CAR_d7d625be90c013f6ed800b48c0d3a545f3907292,A1IBKP5PBH5EHC,3P529IW9K31NKK7MXO2SGRZQ0RBLF0,156000,0,0,0,0
245,43_6,CAR_da38b064c74bd48854fb78d99e32d75c7911c23e,A1IBKP5PBH5EHC,3P529IW9K31NKK7MXO2SGRZQ0RBLF0,156000,0,0,0,0
148,43_4,CAR_8c6a7b7dd641e14d1b7ef2c64f4786731f2e2de7,A1IBKP5PBH5EHC,30BXRYBRP9DN9AARWSXUSNSJE8OWHO,223000,0,2,0,1
148,43_4,CAR_8d6be9d7517e208a4b9f3f33093a3cbf785faa47,A1IBKP5PBH5EHC,30BXRYBRP9DN9AARWSXUSNSJE8OWHO,223000,0,0,0,0
148,43_4,CAR_8ee2716ef045589783d1d619a6a53082921a850c,A1IBKP5PBH5EHC,30BXRYBRP9DN9AARWSXUSNSJE8OWHO,223000,0,0,0,0
148,43_4,CAR_8f629fedea6e9da64210cc3d2740a99d88d16461,A1IBKP5PBH5EHC,30BXRYBRP9DN9AARWSXUSNSJE8OWHO,223000,0,0,0,0
148,43_4,CAR_90e1cc59218cfc0a23383ec6db04032f8f818660,A1IBKP5PBH5EHC,30BXRYBRP9DN9AARWSXUSNSJE8OWHO,223000,0,0,0,0
144,43_4,CAR_6fb5b60fcd99f778beb41d05660bf8f01537a36f,A1IBKP5PBH5EHC,31Z0PCVWUPVYO40LOE67EQWQVA87T2,53000,0,0,0,0
144,43_4,CAR_6fdb377acb273fe709f907b58076723d94c7a292,A1IBKP5PBH5EHC,31Z0PCVWUPVYO40LOE67EQWQVA87T2,53000,0,0,0,0
144,43_4,CAR_70246aeb44a48cf229f6c3c3d49e5790f42578c5,A1IBKP5PBH5EHC,31Z0PCVWUPVYO40LOE67EQWQVA87T2,53000,0,0,0,0
144,43_4,CAR_71cd999030f0f747f5f70fd4179c552d352c7847,A1IBKP5PBH5EHC,31Z0PCVWUPVYO40LOE67EQWQVA87T2,53000,0,0,0,0
144,43_4,CAR_720169c9fd9c8062a6926b11fd149fc08f7efcd6,A1IBKP5PBH5EHC,31Z0PCVWUPVYO40LOE67EQWQVA87T2,53000,0,0,0,0
210,43_5,MARCO_4304857,A1IBKP5PBH5EHC,3WQQ9FUS6FA2SWBNYX7SSWMZ1OZB8R,74000,0,0,0,0
210,43_5,MARCO_4304860,A1IBKP5PBH5EHC,3WQQ9FUS6FA2SWBNYX7SSWMZ1OZB8R,74000,0,0,0,0
210,43_5,CAR_1671eb0de150bb36ef3c0d7a7c5103fbb5a07be3,A1IBKP5PBH5EHC,3WQQ9FUS6FA2SWBNYX7SSWMZ1OZB8R,74000,0,0,0,0
210,43_5,MARCO_4492196,A1IBKP5PBH5EHC,3WQQ9FUS6FA2SWBNYX7SSWMZ1OZB8R,74000,0,0,0,0
210,43_5,MARCO_4783558,A1IBKP5PBH5EHC,3WQQ9FUS6FA2SWBNYX7SSWMZ1OZB8R,74000,0,0,0,0
168,43_4,MARCO_5307414,A1IBKP5PBH5EHC,36V4Q8R5ZPG4HRFGBGE1S3IT7THMQU,58000,0,0,0,0
168,43_4,MARCO_5405698,A1IBKP5PBH5EHC,36V4Q8R5ZPG4HRFGBGE1S3IT7THMQU,58000,0,0,0,0
168,43_4,CAR_16f51b418d199cc8877c99bfb47cd403c23e38f1,A1IBKP5PBH5EHC,36V4Q8R5ZPG4HRFGBGE1S3IT7THMQU,58000,0,0,0,0
168,43_4,MARCO_5455628,A1IBKP5PBH5EHC,36V4Q8R5ZPG4HRFGBGE1S3IT7THMQU,58000,0,0,0,0
168,43_4,MARCO_5678450,A1IBKP5PBH5EHC,36V4Q8R5ZPG4HRFGBGE1S3IT7THMQU,58000,0,0,0,0
211,43_5,MARCO_5016272,A1IBKP5PBH5EHC,3V5Q80FXI27M3M5L3NJL0MBKRWU23O,172000,0,0,0,0
211,43_5,MARCO_5075208,A1IBKP5PBH5EHC,3V5Q80FXI27M3M5L3NJL0MBKRWU23O,172000,0,1,0,0
211,43_5,MARCO_5346659,A1IBKP5PBH5EHC,3V5Q80FXI27M3M5L3NJL0MBKRWU23O,172000,0,0,0,0
211,43_5,MARCO_5455628,A1IBKP5PBH5EHC,3V5Q80FXI27M3M5L3NJL0MBKRWU23O,172000,0,0,0,0
211,43_5,MARCO_5808582,A1IBKP5PBH5EHC,3V5Q80FXI27M3M5L3NJL0MBKRWU23O,172000,0,0,0,0
165,43_4,MARCO_2223629,A1IBKP5PBH5EHC,3QILPRALQAB4T50K1NC1JRMTID58N5,94000,0,0,0,0
165,43_4,CAR_141f803dfecbd0bb5f9fa0f57174be1f782df3fd,A1IBKP5PBH5EHC,3QILPRALQAB4T50K1NC1JRMTID58N5,94000,0,0,0,0
165,43_4,MARCO_2445239,A1IBKP5PBH5EHC,3QILPRALQAB4T50K1NC1JRMTID58N5,94000,0,0,0,0
165,43_4,MARCO_2843428,A1IBKP5PBH5EHC,3QILPRALQAB4T50K1NC1JRMTID58N5,94000,0,0,0,0
165,43_4,MARCO_2952981,A1IBKP5PBH5EHC,3QILPRALQAB4T50K1NC1JRMTID58N5,94000,0,0,0,0
174,43_5,CAR_1671eb0de150bb36ef3c0d7a7c5103fbb5a07be3,A1IBKP5PBH5EHC,3QBD8R3Z26ZLSPDUQZM1H46T61FO4U,82000,0,0,0,0
174,43_5,CAR_17bd80f8604986be216ccd9c0636ffa8ea8b7390,A1IBKP5PBH5EHC,3QBD8R3Z26ZLSPDUQZM1H46T61FO4U,82000,0,0,0,0
174,43_5,CAR_1bd3fd3fdb703a0370bb1c395c4c93188edf1d12,A1IBKP5PBH5EHC,3QBD8R3Z26ZLSPDUQZM1H46T61FO4U,82000,0,0,0,0
174,43_5,CAR_1ef85fb81c800596402b641e1c326785079d124f,A1IBKP5PBH5EHC,3QBD8R3Z26ZLSPDUQZM1H46T61FO4U,82000,0,0,0,0
174,43_5,CAR_1fb0f296541c7204d34c9f73706532fce4a8cb99,A1IBKP5PBH5EHC,3QBD8R3Z26ZLSPDUQZM1H46T61FO4U,82000,0,0,0,0
252,43_6,MARCO_1255514,A1IBKP5PBH5EHC,3HPZF4IVNR90H7UBP11H2TGJCTOYCV,258000,0,1,0,0
252,43_6,MARCO_171868,A1IBKP5PBH5EHC,3HPZF4IVNR90H7UBP11H2TGJCTOYCV,258000,0,0,0,0
252,43_6,MARCO_1734942,A1IBKP5PBH5EHC,3HPZF4IVNR90H7UBP11H2TGJCTOYCV,258000,0,0,0,0
252,43_6,MARCO_1837895,A1IBKP5PBH5EHC,3HPZF4IVNR90H7UBP11H2TGJCTOYCV,258000,0,0,0,0
252,43_6,MARCO_1948286,A1IBKP5PBH5EHC,3HPZF4IVNR90H7UBP11H2TGJCTOYCV,258000,0,0,0,0
249,43_6,CAR_ee58c319c84cb78509f2dbc5f88177d6a62118b5,A1IBKP5PBH5EHC,3WI0P0II6681PYO3B24YE354U6LRDM,160000,0,1,0,0
249,43_6,CAR_f0931a515aae46064d849528b1ec4e4ca18a75a1,A1IBKP5PBH5EHC,3WI0P0II6681PYO3B24YE354U6LRDM,160000,0,0,0,0
249,43_6,CAR_f0ab45d75856ef0f63f3049db224401ea8444185,A1IBKP5PBH5EHC,3WI0P0II6681PYO3B24YE354U6LRDM,160000,0,0,0,0
249,43_6,CAR_f0fd784dd887e95c5c0cda110d4f194f4b1a9ccc,A1IBKP5PBH5EHC,3WI0P0II6681PYO3B24YE354U6LRDM,160000,0,0,0,0
249,43_6,CAR_f2f48b6162888ba01a2a9a49dbb13ac926c20447,A1IBKP5PBH5EHC,3WI0P0II6681PYO3B24YE354U6LRDM,160000,0,0,0,0
213,43_5,MARCO_6815808,A1IBKP5PBH5EHC,3OUYGIZWRCEME17UMYCEU1L6ZU2P03,84000,0,0,0,0
213,43_5,CAR_17bd80f8604986be216ccd9c0636ffa8ea8b7390,A1IBKP5PBH5EHC,3OUYGIZWRCEME17UMYCEU1L6ZU2P03,84000,0,0,0,0
213,43_5,MARCO_7098559,A1IBKP5PBH5EHC,3OUYGIZWRCEME17UMYCEU1L6ZU2P03,84000,0,1,0,0
213,43_5,MARCO_79289,A1IBKP5PBH5EHC,3OUYGIZWRCEME17UMYCEU1L6ZU2P03,84000,0,0,0,0
213,43_5,MARCO_7936834,A1IBKP5PBH5EHC,3OUYGIZWRCEME17UMYCEU1L6ZU2P03,84000,0,0,0,0
226,43_6,CAR_03a1502478952dc06aa84059236a9bbc46026aa6,A1IBKP5PBH5EHC,3OS46CRSLKFUXWQ5AZ1U9UKFYP1V6F,154000,0,0,0,0
226,43_6,CAR_4f6cb38fc4519d5d7d4b67eb87311674178748be,A1IBKP5PBH5EHC,3OS46CRSLKFUXWQ5AZ1U9UKFYP1V6F,154000,0,0,0,0
226,43_6,CAR_5025da6fb956380b7b2818987e9f03334cbc56c3,A1IBKP5PBH5EHC,3OS46CRSLKFUXWQ5AZ1U9UKFYP1V6F,154000,0,0,0,0
226,43_6,CAR_510d93871c7aad41451aa41162bce5976dc02019,A1IBKP5PBH5EHC,3OS46CRSLKFUXWQ5AZ1U9UKFYP1V6F,154000,0,0,0,0
226,43_6,CAR_51e63bab90e2dead0fa12a5bff5855fa1c7398bd,A1IBKP5PBH5EHC,3OS46CRSLKFUXWQ5AZ1U9UKFYP1V6F,154000,0,0,0,0
224,43_6,CAR_3cb12b68507a739904f5ea98f288dac2c6f84741,A1IBKP5PBH5EHC,358010RM5J97GBA1BMAK97XZVTYVX7,135000,0,0,0,0
224,43_6,CAR_3f6a288e3a095ee5ab0ffa18244df16f5143db2a,A1IBKP5PBH5EHC,358010RM5J97GBA1BMAK97XZVTYVX7,135000,0,0,0,0
224,43_6,CAR_403a3a40b4dc45a90f4b520f5abed9dc442ab095,A1IBKP5PBH5EHC,358010RM5J97GBA1BMAK97XZVTYVX7,135000,0,0,0,0
224,43_6,CAR_4098a39948d93f941f54b2015c2531ff74889b36,A1IBKP5PBH5EHC,358010RM5J97GBA1BMAK97XZVTYVX7,135000,0,0,0,0
224,43_6,CAR_42c314983aeda2d9fa431afb32073b5a10aaa93e,A1IBKP5PBH5EHC,358010RM5J97GBA1BMAK97XZVTYVX7,135000,0,0,0,0
201,43_5,CAR_dc37da14a2eb4f3fd112d2c8b5ef648650a29592,A1IBKP5PBH5EHC,3RYC5T2D789AEVRTGBVTEXMT8K0RP2,66000,0,0,0,0
201,43_5,CAR_e42081ffbc83134787273911ad6e00f18e3445cd,A1IBKP5PBH5EHC,3RYC5T2D789AEVRTGBVTEXMT8K0RP2,66000,0,0,0,0
201,43_5,CAR_e42dcf0332d5dc72cd3c51394db2fd981a348fd2,A1IBKP5PBH5EHC,3RYC5T2D789AEVRTGBVTEXMT8K0RP2,66000,0,0,0,0
201,43_5,CAR_e5dd17040c99928c21cdccb7161fe65e17c80c3b,A1IBKP5PBH5EHC,3RYC5T2D789AEVRTGBVTEXMT8K0RP2,66000,0,0,0,0
201,43_5,CAR_e6e7f8cc78863e6dcb15828dcfe2ca9813fce4db,A1IBKP5PBH5EHC,3RYC5T2D789AEVRTGBVTEXMT8K0RP2,66000,0,0,0,0
243,43_6,CAR_caa83622363a3dd303fe6c866e9e5892c0b8d080,A1IBKP5PBH5EHC,3UN61F00H156LL9AWWMFGRHCHPLR5C,165000,0,0,0,0
243,43_6,CAR_cbda4a1513b1fdc7c9296782ad7f1a1d2db688cd,A1IBKP5PBH5EHC,3UN61F00H156LL9AWWMFGRHCHPLR5C,165000,0,0,0,0
243,43_6,CAR_cc15b77297b0200b9d2db18d431f85f9fbdccf48,A1IBKP5PBH5EHC,3UN61F00H156LL9AWWMFGRHCHPLR5C,165000,0,1,0,0
243,43_6,CAR_cc47fccac3c4a75f18390f46f17230a426f99c73,A1IBKP5PBH5EHC,3UN61F00H156LL9AWWMFGRHCHPLR5C,165000,0,0,0,0
243,43_6,CAR_cccbea499055ca7a8b6bddf95d8820e10609d432,A1IBKP5PBH5EHC,3UN61F00H156LL9AWWMFGRHCHPLR5C,165000,0,0,0,0
198,43_5,CAR_bc65740976d1d160758f34173e6360e95d324996,A1IBKP5PBH5EHC,3WZ36BJEV8WLQG3B1VINJSIMF1IBTE,72000,0,0,0,0
198,43_5,CAR_c460b8270f81aa1b0bf82fa29f0e5c855bd48eb8,A1IBKP5PBH5EHC,3WZ36BJEV8WLQG3B1VINJSIMF1IBTE,72000,0,1,0,0
198,43_5,CAR_c598a82d08dd1fe1f4880ab0a7373e1b3572828d,A1IBKP5PBH5EHC,3WZ36BJEV8WLQG3B1VINJSIMF1IBTE,72000,0,0,0,0
198,43_5,CAR_c67b84ac3467c00ea00dde8df959331fc1639194,A1IBKP5PBH5EHC,3WZ36BJEV8WLQG3B1VINJSIMF1IBTE,72000,0,0,0,0
198,43_5,CAR_c738bf0c53a77e6094af07f0af4b8902d39ba69e,A1IBKP5PBH5EHC,3WZ36BJEV8WLQG3B1VINJSIMF1IBTE,72000,0,0,0,0
219,43_6,CAR_2560dab43a1edfee7e675fbe0065564aec360077,A1IBKP5PBH5EHC,38JBBYETQTQZGY05WLJ5CSCF23O4ET,139000,0,0,0,0
219,43_6,CAR_2735c0effbc53c20224464b1ac3b8412e91f2806,A1IBKP5PBH5EHC,38JBBYETQTQZGY05WLJ5CSCF23O4ET,139000,0,0,0,0
219,43_6,CAR_2736692b619069e62e351160cd52801cd2800e60,A1IBKP5PBH5EHC,38JBBYETQTQZGY05WLJ5CSCF23O4ET,139000,0,0,0,0
219,43_6,CAR_287842570ad8e4854b533d914f1d4baf86eb91b5,A1IBKP5PBH5EHC,38JBBYETQTQZGY05WLJ5CSCF23O4ET,139000,0,0,0,0
219,43_6,CAR_28cf8d7167f3983e1715213d80bc34210356b0f3,A1IBKP5PBH5EHC,38JBBYETQTQZGY05WLJ5CSCF23O4ET,139000,0,0,0,0
169,43_4,MARCO_5710860,A1IBKP5PBH5EHC,3J4Q2Z4UT3J0M39UFIKO11KK5VVWQV,38000,0,0,0,0
169,43_4,MARCO_5941902,A1IBKP5PBH5EHC,3J4Q2Z4UT3J0M39UFIKO11KK5VVWQV,38000,0,0,0,0
169,43_4,MARCO_6046562,A1IBKP5PBH5EHC,3J4Q2Z4UT3J0M39UFIKO11KK5VVWQV,38000,0,0,0,0
169,43_4,MARCO_6815808,A1IBKP5PBH5EHC,3J4Q2Z4UT3J0M39UFIKO11KK5VVWQV,38000,0,0,0,0
169,43_4,MARCO_6850106,A1IBKP5PBH5EHC,3J4Q2Z4UT3J0M39UFIKO11KK5VVWQV,38000,0,0,0,0
149,43_4,CAR_92a6a19b724a51baf4ae0cad360d79a737c58866,A1IBKP5PBH5EHC,3D8YOU6S9J0UKH1559RPD8IWKEZU6O,94000,0,0,0,0
149,43_4,CAR_018a4e297627b52f3e37db72a11faede10b5a340,A1IBKP5PBH5EHC,3D8YOU6S9J0UKH1559RPD8IWKEZU6O,94000,0,0,0,0
149,43_4,CAR_94ad020d7ff03eff6795ee33bf5bf640b0eee6dd,A1IBKP5PBH5EHC,3D8YOU6S9J0UKH1559RPD8IWKEZU6O,94000,0,0,0,0
149,43_4,CAR_9740c552d4c793bbd819be35b6155ac22495a2ce,A1IBKP5PBH5EHC,3D8YOU6S9J0UKH1559RPD8IWKEZU6O,94000,0,0,0,0
149,43_4,CAR_982556ba73fe07b0fa65b20d7080802c73c836e2,A1IBKP5PBH5EHC,3D8YOU6S9J0UKH1559RPD8IWKEZU6O,94000,0,0,0,0
259,43_6,CAR_0fd0bee9981445dc04735453e32146fdae86b214,A1IBKP5PBH5EHC,3HQUKB7LNKU5CKF21TBURKIWZPJHHR,60000,0,0,0,0
259,43_6,MARCO_524265,A1IBKP5PBH5EHC,3HQUKB7LNKU5CKF21TBURKIWZPJHHR,60000,0,0,0,0
259,43_6,MARCO_5270004,A1IBKP5PBH5EHC,3HQUKB7LNKU5CKF21TBURKIWZPJHHR,60000,0,0,0,0
259,43_6,MARCO_5455628,A1IBKP5PBH5EHC,3HQUKB7LNKU5CKF21TBURKIWZPJHHR,60000,0,0,0,0
259,43_6,MARCO_606921,A1IBKP5PBH5EHC,3HQUKB7LNKU5CKF21TBURKIWZPJHHR,60000,0,0,0,0
187,43_5,CAR_68fb56f7e680e0f57bbfbf5e02314456cc7fa349,A1IBKP5PBH5EHC,3RXCAC0YIW5YJDJYEJZ6T7DWH1O8G2,127000,0,0,0,0
187,43_5,CAR_6b0da0d8acf55f7e69bf3192ced93bcd8327e2e1,A1IBKP5PBH5EHC,3RXCAC0YIW5YJDJYEJZ6T7DWH1O8G2,127000,0,0,0,0
187,43_5,CAR_6b453e76e413cfa6396598043330544f37d838e7,A1IBKP5PBH5EHC,3RXCAC0YIW5YJDJYEJZ6T7DWH1O8G2,127000,0,0,0,0
187,43_5,CAR_6cf6a1d3e051bb64a01e409e7d2d3180b8324efd,A1IBKP5PBH5EHC,3RXCAC0YIW5YJDJYEJZ6T7DWH1O8G2,127000,0,0,0,0
187,43_5,CAR_6ee631b62933ae07887b7450a4995b8d50cd2c5a,A1IBKP5PBH5EHC,3RXCAC0YIW5YJDJYEJZ6T7DWH1O8G2,127000,0,0,0,0
230,43_6,CAR_6b797721a55508de3354cb38494d3e199991c00c,A1IBKP5PBH5EHC,3RXCAC0YIW5YJDJYEJZ6T7DWH568GS,342000,0,0,0,0
230,43_6,CAR_6cfee4016b3a0277ecf0c1f4a16d626ddb3d8876,A1IBKP5PBH5EHC,3RXCAC0YIW5YJDJYEJZ6T7DWH568GS,342000,0,0,0,0
230,43_6,CAR_6e434d17c4147ac52767eecf3226e76e9f242720,A1IBKP5PBH5EHC,3RXCAC0YIW5YJDJYEJZ6T7DWH568GS,342000,0,3,0,1
230,43_6,CAR_6ec1b811bafb44c4fbf6de0cae2437ba51f6ce0d,A1IBKP5PBH5EHC,3RXCAC0YIW5YJDJYEJZ6T7DWH568GS,342000,0,4,0,1
230,43_6,CAR_6ed369a4ac7f15cd17ad3f991f38f41438f3ebb0,A1IBKP5PBH5EHC,3RXCAC0YIW5YJDJYEJZ6T7DWH568GS,342000,0,0,0,0
151,43_4,CAR_9efc8d464b010271c7590bd08aafe0afd9779cf2,A1IBKP5PBH5EHC,3TXWC2NHN461NNBZEBZ1IHRAPIO9S0,336000,0,0,0,0
151,43_4,CAR_a0879f81a533c4072f92a834eb01b306b9e0b2f3,A1IBKP5PBH5EHC,3TXWC2NHN461NNBZEBZ1IHRAPIO9S0,336000,0,1,0,0
151,43_4,CAR_a23709205ca6e030650ad952d0eb70c905681b08,A1IBKP5PBH5EHC,3TXWC2NHN461NNBZEBZ1IHRAPIO9S0,336000,0,0,0,0
151,43_4,CAR_a513106b23be37b62f0dba7c0af849bbcee9ca57,A1IBKP5PBH5EHC,3TXWC2NHN461NNBZEBZ1IHRAPIO9S0,336000,0,0,0,0
151,43_4,CAR_a579bc60f9c36189b767bb09168f5648f2bb32ce,A1IBKP5PBH5EHC,3TXWC2NHN461NNBZEBZ1IHRAPIO9S0,336000,0,0,0,0
138,43_4,CAR_4a9b860c3a843097743fae18ce00ed4e8c258b6b,A1IBKP5PBH5EHC,3WETL7AQWYOE2JO8L6LJYTEWA5Y350,78000,0,0,0,0
138,43_4,CAR_4af65d2a7b1df050253ca0fd74d0ee0b73d6b9b6,A1IBKP5PBH5EHC,3WETL7AQWYOE2JO8L6LJYTEWA5Y350,78000,0,0,0,0
138,43_4,CAR_4b200458de199d1c6d46819480f3c42669921016,A1IBKP5PBH5EHC,3WETL7AQWYOE2JO8L6LJYTEWA5Y350,78000,0,0,0,0
138,43_4,CAR_4f30cd9751ff9e11451bb49eb0fedb0cf657989f,A1IBKP5PBH5EHC,3WETL7AQWYOE2JO8L6LJYTEWA5Y350,78000,0,0,0,0
138,43_4,CAR_4fb38006fd31dc799b374a2691f127e18a9e2691,A1IBKP5PBH5EHC,3WETL7AQWYOE2JO8L6LJYTEWA5Y350,78000,0,0,0,0
222,43_6,CAR_2ddb80dff509ad8db3dcdd3b20d54b6da62c86b9,A1IBKP5PBH5EHC,3GFK2QRXXEXBTHQWVQWL3QPT93P5WG,226000,0,0,0,0
222,43_6,CAR_2e395f30f7ca9fcf55db31523404aa5e95695814,A1IBKP5PBH5EHC,3GFK2QRXXEXBTHQWVQWL3QPT93P5WG,226000,0,1,0,0
222,43_6,CAR_306ea78c506ca02573a64ac372f80ab56847096e,A1IBKP5PBH5EHC,3GFK2QRXXEXBTHQWVQWL3QPT93P5WG,226000,0,0,0,0
222,43_6,CAR_32b45aef35cfa43063fb92fc9b26350fc2dc83ea,A1IBKP5PBH5EHC,3GFK2QRXXEXBTHQWVQWL3QPT93P5WG,226000,0,1,0,0
222,43_6,CAR_32cf149290c5c8a960c11c7d5ade17da62ba77c2,A1IBKP5PBH5EHC,3GFK2QRXXEXBTHQWVQWL3QPT93P5WG,226000,0,0,0,0
188,43_5,CAR_07b1acccb567acdb3839cb076064a50c14415529,A1IBKP5PBH5EHC,33FOTY3KER13R1J8DCU8O65953Q1C1,80000,0,0,0,0
188,43_5,CAR_6fdb377acb273fe709f907b58076723d94c7a292,A1IBKP5PBH5EHC,33FOTY3KER13R1J8DCU8O65953Q1C1,80000,0,0,0,0
188,43_5,CAR_72018820daac1260f9b665cf8d06f201d645fc53,A1IBKP5PBH5EHC,33FOTY3KER13R1J8DCU8O65953Q1C1,80000,0,0,0,0
188,43_5,CAR_7371537391cfcbba8117fe5c084c548062afa1f7,A1IBKP5PBH5EHC,33FOTY3KER13R1J8DCU8O65953Q1C1,80000,0,0,0,0
188,43_5,CAR_74f6a885b8fbfd70d0f6ece3ac5727300e8dea2c,A1IBKP5PBH5EHC,33FOTY3KER13R1J8DCU8O65953Q1C1,80000,0,0,0,0
133,43_4,CAR_25a9e791c931115f920f325823ddfdea2e6924c0,A1IBKP5PBH5EHC,392CY0QWG67BW32RS49WX7A7TRYI48,117000,0,0,0,0
133,43_4,CAR_25c960860936e3bcce6b444448cfa9dc26303cec,A1IBKP5PBH5EHC,392CY0QWG67BW32RS49WX7A7TRYI48,117000,0,0,0,0
133,43_4,CAR_277cda0fe6677f68c788aff39c5ff7e4840ea27b,A1IBKP5PBH5EHC,392CY0QWG67BW32RS49WX7A7TRYI48,117000,0,1,0,0
133,43_4,CAR_2a0972cab2dc2dfdcfd90f4094c4cfc40abe5e4b,A1IBKP5PBH5EHC,392CY0QWG67BW32RS49WX7A7TRYI48,117000,0,0,0,0
133,43_4,CAR_2a37bea94e9aa78c2cd9711d9f2700f449634f41,A1IBKP5PBH5EHC,392CY0QWG67BW32RS49WX7A7TRYI48,117000,0,0,0,0
142,43_4,CAR_6598f7a8450ac49c9031c6dca494fa36c2d1c782,A1IBKP5PBH5EHC,36PW28KO44CEINGM5MTWPVYFT8QAE5,200000,0,0,0,0
142,43_4,CAR_66f08aed2b8892b76955a386aabe83782c56356e,A1IBKP5PBH5EHC,36PW28KO44CEINGM5MTWPVYFT8QAE5,200000,0,0,0,0
142,43_4,CAR_67af4d67881c1ddbef582e00b3c9df090ddd74aa,A1IBKP5PBH5EHC,36PW28KO44CEINGM5MTWPVYFT8QAE5,200000,0,1,0,0
142,43_4,CAR_69a3d7875b8cb27cf9fa32fd119d35ebfc9bf496,A1IBKP5PBH5EHC,36PW28KO44CEINGM5MTWPVYFT8QAE5,200000,0,3,0,1
142,43_4,CAR_0063e0b9124fff0b6fc94a0b3f08291a771ea1c9,A1IBKP5PBH5EHC,36PW28KO44CEINGM5MTWPVYFT8QAE5,200000,0,0,0,0
170,43_4,MARCO_6882123,A1IBKP5PBH5EHC,3JNQLM5FT923JQVA9TNLW851RIE2LV,50000,0,0,0,0
170,43_4,MARCO_7222428,A1IBKP5PBH5EHC,3JNQLM5FT923JQVA9TNLW851RIE2LV,50000,0,0,0,0
170,43_4,MARCO_7567067,A1IBKP5PBH5EHC,3JNQLM5FT923JQVA9TNLW851RIE2LV,50000,0,0,0,0
170,43_4,MARCO_7568447,A1IBKP5PBH5EHC,3JNQLM5FT923JQVA9TNLW851RIE2LV,50000,0,0,0,0
170,43_4,MARCO_7909559,A1IBKP5PBH5EHC,3JNQLM5FT923JQVA9TNLW851RIE2LV,50000,0,0,0,0
139,43_4,CAR_502792ebf92fc76f940dc130569c7a735012be77,A1IBKP5PBH5EHC,3H7XDTSHKH799EFGCMFC7NGIY76WGH,114000,0,0,0,0
139,43_4,CAR_502eb199b01f0ec181463fb9dafac7f890471d8a,A1IBKP5PBH5EHC,3H7XDTSHKH799EFGCMFC7NGIY76WGH,114000,0,0,0,0
139,43_4,CAR_5050309d30301999e9c7b31d723722c06316cb7e,A1IBKP5PBH5EHC,3H7XDTSHKH799EFGCMFC7NGIY76WGH,114000,0,0,0,0
139,43_4,CAR_0057e32bf7c460726ad33f65f9c1a36d982fbf07,A1IBKP5PBH5EHC,3H7XDTSHKH799EFGCMFC7NGIY76WGH,114000,0,0,0,0
139,43_4,CAR_50c811e3bbb21a7d75c3ca76e57a4de9a89e40da,A1IBKP5PBH5EHC,3H7XDTSHKH799EFGCMFC7NGIY76WGH,114000,0,0,0,0
173,43_5,CAR_0aa8052b4b04fb001cf6b6cf0bb8b8363c9e8a20,A1IBKP5PBH5EHC,3X0H8UUIT64CZJO77M9TW1ZLNJHSWH,55000,0,0,0,0
173,43_5,CAR_0b8dbc4f6c3a9e33d49d56492c77f14aa39e083a,A1IBKP5PBH5EHC,3X0H8UUIT64CZJO77M9TW1ZLNJHSWH,55000,0,0,0,0
173,43_5,CAR_0f1906acb3b475f8f61367f4a4861cfb41a089c0,A1IBKP5PBH5EHC,3X0H8UUIT64CZJO77M9TW1ZLNJHSWH,55000,0,0,0,0
173,43_5,CAR_118d2728e691206126de4e74f85798e4d926040a,A1IBKP5PBH5EHC,3X0H8UUIT64CZJO77M9TW1ZLNJHSWH,55000,0,0,0,0
173,43_5,CAR_128f60afb34309b2cd8a458c1015d4576eb0c8ce,A1IBKP5PBH5EHC,3X0H8UUIT64CZJO77M9TW1ZLNJHSWH,55000,0,0,0,0
163,43_4,CAR_f77c907f691b695e1b1a5671346edf3095aba8f0,A1IBKP5PBH5EHC,3Z4AIRP3CBTRUZU348QV2JQJ6L91XY,131000,0,0,0,0
163,43_4,CAR_fa2fd89e7d1ddd9200160a66c509faca912c14fb,A1IBKP5PBH5EHC,3Z4AIRP3CBTRUZU348QV2JQJ6L91XY,131000,0,0,0,0
163,43_4,CAR_fa3b00183198fabddd5fe2986f6a617ec0919541,A1IBKP5PBH5EHC,3Z4AIRP3CBTRUZU348QV2JQJ6L91XY,131000,0,0,0,0
163,43_4,CAR_fc659fede641a832aab951f9c6a4d546ec76e8ba,A1IBKP5PBH5EHC,3Z4AIRP3CBTRUZU348QV2JQJ6L91XY,131000,0,0,0,0
163,43_4,CAR_febc76e8775469351b7406e75471927911f8cd05,A1IBKP5PBH5EHC,3Z4AIRP3CBTRUZU348QV2JQJ6L91XY,131000,0,0,0,0
186,43_5,CAR_656a84b11588d8e2d81799a66eba72ad54222484,A1IBKP5PBH5EHC,3H7Z272LXCNZBXWGBRYXSLDU2S9PL8,78000,0,0,0,0
186,43_5,CAR_657c3d0f6f235196fe40e0d7b1ef6ac83863b693,A1IBKP5PBH5EHC,3H7Z272LXCNZBXWGBRYXSLDU2S9PL8,78000,0,0,0,0
186,43_5,CAR_65a5d493dbc5aaaeee5c892ae2ff40313f97d083,A1IBKP5PBH5EHC,3H7Z272LXCNZBXWGBRYXSLDU2S9PL8,78000,0,0,0,0
186,43_5,CAR_66cd6c5dfee5892cd424378503e3342459cab383,A1IBKP5PBH5EHC,3H7Z272LXCNZBXWGBRYXSLDU2S9PL8,78000,0,0,0,0
186,43_5,CAR_67af4d67881c1ddbef582e00b3c9df090ddd74aa,A1IBKP5PBH5EHC,3H7Z272LXCNZBXWGBRYXSLDU2S9PL8,78000,0,0,0,0
209,43_5,MARCO_3310708,A1IBKP5PBH5EHC,3HHRAGRYXDLMPVJ67UISYCH9STZO9W,81000,0,0,0,0
209,43_5,MARCO_3310710,A1IBKP5PBH5EHC,3HHRAGRYXDLMPVJ67UISYCH9STZO9W,81000,0,0,0,0
209,43_5,MARCO_3310711,A1IBKP5PBH5EHC,3HHRAGRYXDLMPVJ67UISYCH9STZO9W,81000,0,0,0,0
209,43_5,MARCO_3310712,A1IBKP5PBH5EHC,3HHRAGRYXDLMPVJ67UISYCH9STZO9W,81000,0,0,0,0
209,43_5,MARCO_373577,A1IBKP5PBH5EHC,3HHRAGRYXDLMPVJ67UISYCH9STZO9W,81000,0,0,0,0
146,43_4,CAR_00cc0b85b110f9a8bfde1836cdefe945a9b95384,A1IBKP5PBH5EHC,3180JW2OT9SPNXQXORD6E0VL62MJ5U,100000,0,0,0,0
146,43_4,CAR_7b717461c970b3772f93f05c2faea6bf74038088,A1IBKP5PBH5EHC,3180JW2OT9SPNXQXORD6E0VL62MJ5U,100000,0,0,0,0
146,43_4,CAR_7c7e4f6ca520a4682b093e17006085a7dde9bf99,A1IBKP5PBH5EHC,3180JW2OT9SPNXQXORD6E0VL62MJ5U,100000,0,0,0,0
146,43_4,CAR_7d85504c22968d6e953ddeb55b76a2ee79761db3,A1IBKP5PBH5EHC,3180JW2OT9SPNXQXORD6E0VL62MJ5U,100000,0,0,0,0
146,43_4,CAR_7e3a5c4cd1c4b772a9a3ee5b1498d8ba68ce1624,A1IBKP5PBH5EHC,3180JW2OT9SPNXQXORD6E0VL62MJ5U,100000,0,1,0,0
220,43_6,CAR_28e38605dabea6a6682873e2cd146de8627ce0ef,A1IBKP5PBH5EHC,3KWTYT0875JVINEXRCPJUF8DBWKL52,118000,0,0,0,0
220,43_6,CAR_2921a51376445276704d92761e6e5663a1dea484,A1IBKP5PBH5EHC,3KWTYT0875JVINEXRCPJUF8DBWKL52,118000,0,0,0,0
220,43_6,CAR_29d6e195baed6c260940ba7081d8012ed14b6723,A1IBKP5PBH5EHC,3KWTYT0875JVINEXRCPJUF8DBWKL52,118000,0,0,0,0
220,43_6,CAR_2a01f9d4a8b87327f36d4f41857f9e6f8df5d897,A1IBKP5PBH5EHC,3KWTYT0875JVINEXRCPJUF8DBWKL52,118000,0,0,0,0
220,43_6,CAR_2a8f553d8873a8fc748021bed4a1960646d6159c,A1IBKP5PBH5EHC,3KWTYT0875JVINEXRCPJUF8DBWKL52,118000,0,0,0,0
255,43_6,MARCO_3310704,A1IBKP5PBH5EHC,33SA9F9TR2ABP0JP6RPO7KV6MX3EW7,70000,0,0,0,0
255,43_6,MARCO_3310705,A1IBKP5PBH5EHC,33SA9F9TR2ABP0JP6RPO7KV6MX3EW7,70000,0,0,0,0
255,43_6,MARCO_3310706,A1IBKP5PBH5EHC,33SA9F9TR2ABP0JP6RPO7KV6MX3EW7,70000,0,0,0,0
255,43_6,MARCO_3310707,A1IBKP5PBH5EHC,33SA9F9TR2ABP0JP6RPO7KV6MX3EW7,70000,0,0,0,0
255,43_6,MARCO_3310708,A1IBKP5PBH5EHC,33SA9F9TR2ABP0JP6RPO7KV6MX3EW7,70000,0,0,0,0
212,43_5,MARCO_6188450,A1IBKP5PBH5EHC,3KAKFY4PGZIQE7JNSQ4DN2I1GSS3I1,76000,0,0,0,0
212,43_5,MARCO_6243811,A1IBKP5PBH5EHC,3KAKFY4PGZIQE7JNSQ4DN2I1GSS3I1,76000,0,0,0,0
212,43_5,MARCO_6293103,A1IBKP5PBH5EHC,3KAKFY4PGZIQE7JNSQ4DN2I1GSS3I1,76000,0,0,0,0
212,43_5,MARCO_6556013,A1IBKP5PBH5EHC,3KAKFY4PGZIQE7JNSQ4DN2I1GSS3I1,76000,0,0,0,0
212,43_5,MARCO_680735,A1IBKP5PBH5EHC,3KAKFY4PGZIQE7JNSQ4DN2I1GSS3I1,76000,0,0,0,0
153,43_4,CAR_ad283f42edb4121ef86b2ece6955b994a1bdbd90,A1IBKP5PBH5EHC,3AMYWKA6YG2Z7CH89NFGE2Q72SEO68,244000,0,0,0,0
153,43_4,CAR_ad6719e0e9188c4a82d94698f0b44d3331a63a82,A1IBKP5PBH5EHC,3AMYWKA6YG2Z7CH89NFGE2Q72SEO68,244000,0,0,0,0
153,43_4,CAR_ae120c5d616467fdc03ccc3097d39f2ecb9a62ab,A1IBKP5PBH5EHC,3AMYWKA6YG2Z7CH89NFGE2Q72SEO68,244000,0,0,0,0
153,43_4,CAR_ae41c3fe9f300dd76a32f24c0ecd9b08cc5af881,A1IBKP5PBH5EHC,3AMYWKA6YG2Z7CH89NFGE2Q72SEO68,244000,0,0,0,0
153,43_4,CAR_b1a5d5fb7325653a4fa9dddc0f462e6b5777805b,A1IBKP5PBH5EHC,3AMYWKA6YG2Z7CH89NFGE2Q72SEO68,244000,0,1,0,0
180,43_5,CAR_411e11f8f05ac0949085699ad0cea78122fce874,A1IBKP5PBH5EHC,3PXX5PX6L2EGBK42VVR6ONSURCUABP,98000,0,0,0,0
180,43_5,CAR_41747d6711f818bb260798d0090364806553860b,A1IBKP5PBH5EHC,3PXX5PX6L2EGBK42VVR6ONSURCUABP,98000,0,0,0,0
180,43_5,CAR_4215c9d4c09ae1416b3b3f3755b51c710fa7973e,A1IBKP5PBH5EHC,3PXX5PX6L2EGBK42VVR6ONSURCUABP,98000,0,0,0,0
180,43_5,CAR_4244bcb1fdce5cc146ff6991258bd20a358914a2,A1IBKP5PBH5EHC,3PXX5PX6L2EGBK42VVR6ONSURCUABP,98000,0,0,0,0
180,43_5,CAR_43d586da181b667a2377db968c2d198754eba62d,A1IBKP5PBH5EHC,3PXX5PX6L2EGBK42VVR6ONSURCUABP,98000,0,0,0,0
235,43_6,CAR_093b053748a7a16a36e62daa9bba60fa71dfc990,A1IBKP5PBH5EHC,3P529IW9K31NKK7MXO2SGRZQ0R8LFX,242000,0,0,0,0
235,43_6,CAR_86c03e5c7a98eade17c8fe33031be2473a4a74a9,A1IBKP5PBH5EHC,3P529IW9K31NKK7MXO2SGRZQ0R8LFX,242000,0,0,0,0
235,43_6,CAR_86c3b2dea1f8724e23d695a7210c31c27d4ea224,A1IBKP5PBH5EHC,3P529IW9K31NKK7MXO2SGRZQ0R8LFX,242000,0,0,0,0
235,43_6,CAR_89a3d5531da3c982796178b6f1e11876f47ea4f7,A1IBKP5PBH5EHC,3P529IW9K31NKK7MXO2SGRZQ0R8LFX,242000,0,0,0,0
235,43_6,CAR_8bb7aaa92ade9e4cab301a596fc7d833ce2bea26,A1IBKP5PBH5EHC,3P529IW9K31NKK7MXO2SGRZQ0R8LFX,242000,0,0,0,0
137,43_4,CAR_43b5f49c12022d9061682ce3aea2fe9465c461a6,A1IBKP5PBH5EHC,3SB5N7Y3O8KG1OEVJFMR0S7EX2RG0Z,132000,0,0,0,0
137,43_4,CAR_44e96f27cb006477428059c82c14b0183efff0d1,A1IBKP5PBH5EHC,3SB5N7Y3O8KG1OEVJFMR0S7EX2RG0Z,132000,0,0,0,0
137,43_4,CAR_4656162d73204ee2b5a87bac6e8a98d9fbe008a1,A1IBKP5PBH5EHC,3SB5N7Y3O8KG1OEVJFMR0S7EX2RG0Z,132000,0,0,0,0
137,43_4,CAR_484f82c24ed01a54028891b9aeb96316d2f1c3fe,A1IBKP5PBH5EHC,3SB5N7Y3O8KG1OEVJFMR0S7EX2RG0Z,132000,0,0,0,0
137,43_4,CAR_4a757ebfa46943549b6ef549a00b9517ddc54aa1,A1IBKP5PBH5EHC,3SB5N7Y3O8KG1OEVJFMR0S7EX2RG0Z,132000,0,1,0,0
181,43_5,CAR_4469458b7177d2ec37679222bab1274c7c058d58,A1IBKP5PBH5EHC,3H7Z272LXCNZBXWGBRYXSLDU2S8PL7,102000,0,0,0,0
181,43_5,CAR_44bb9b1c277e3f81e8e6908c58490617f84d18ea,A1IBKP5PBH5EHC,3H7Z272LXCNZBXWGBRYXSLDU2S8PL7,102000,0,0,0,0
181,43_5,CAR_44feecef84a1c37b8c2c8daba90d32d47a79331d,A1IBKP5PBH5EHC,3H7Z272LXCNZBXWGBRYXSLDU2S8PL7,102000,0,0,0,0
181,43_5,CAR_466a78d2f4f3abc9dc9e7dafb97c9dfb98763e6b,A1IBKP5PBH5EHC,3H7Z272LXCNZBXWGBRYXSLDU2S8PL7,102000,0,0,0,0
181,43_5,CAR_4a757ebfa46943549b6ef549a00b9517ddc54aa1,A1IBKP5PBH5EHC,3H7Z272LXCNZBXWGBRYXSLDU2S8PL7,102000,0,0,0,0
176,43_5,CAR_25fa1630a1dcf0b43c334b78c062f5010e0491c7,A1IBKP5PBH5EHC,3ZR9AIQJUGP0P8LBOEKQR3AB8Y040L,99000,0,0,0,0
176,43_5,CAR_26b1ba4546e8067d55fdc909b7c4742b244ff391,A1IBKP5PBH5EHC,3ZR9AIQJUGP0P8LBOEKQR3AB8Y040L,99000,0,0,0,0
176,43_5,CAR_2a0972cab2dc2dfdcfd90f4094c4cfc40abe5e4b,A1IBKP5PBH5EHC,3ZR9AIQJUGP0P8LBOEKQR3AB8Y040L,99000,0,0,0,0
176,43_5,CAR_2be1b0ee6ece54d4c150e5dbeaeb586e4cdc9d9c,A1IBKP5PBH5EHC,3ZR9AIQJUGP0P8LBOEKQR3AB8Y040L,99000,0,0,0,0
176,43_5,CAR_2ddb80dff509ad8db3dcdd3b20d54b6da62c86b9,A1IBKP5PBH5EHC,3ZR9AIQJUGP0P8LBOEKQR3AB8Y040L,99000,0,0,0,0
240,43_6,CAR_a8f8324ddbd63dab06ca5201ec6cfe7ccd66fc89,A1IBKP5PBH5EHC,3N1FSUEFLAGUOSM50Q8L6AUU2SZ4DE,122000,0,0,0,0
240,43_6,CAR_ab59530bc588e9dd3152ee26eb5b2da33b114d03,A1IBKP5PBH5EHC,3N1FSUEFLAGUOSM50Q8L6AUU2SZ4DE,122000,0,0,0,0
240,43_6,CAR_ab8bcadd3024724d55f74316a4441c41999f915a,A1IBKP5PBH5EHC,3N1FSUEFLAGUOSM50Q8L6AUU2SZ4DE,122000,0,0,0,0
240,43_6,CAR_af3a16a71ebb104f36485baacf3fe1cb07d8581e,A1IBKP5PBH5EHC,3N1FSUEFLAGUOSM50Q8L6AUU2SZ4DE,122000,0,0,0,0
240,43_6,CAR_b049f0d83756d30017ca38f1c852edc4d19027b0,A1IBKP5PBH5EHC,3N1FSUEFLAGUOSM50Q8L6AUU2SZ4DE,122000,0,0,0,0
135,43_4,CAR_35124ec5861fdeaf57c68d668bb2d30077e39016,A1IBKP5PBH5EHC,3DZQRBDBSQVF8LMJX2YRR4OOOP53S1,136000,0,0,0,0
135,43_4,CAR_393b9c61625ad7b844e966fe8ac2644bf27b5a51,A1IBKP5PBH5EHC,3DZQRBDBSQVF8LMJX2YRR4OOOP53S1,136000,0,0,0,0
135,43_4,CAR_3bb8ed0b4bfafc193b1627c7b7e7bf93aeae5085,A1IBKP5PBH5EHC,3DZQRBDBSQVF8LMJX2YRR4OOOP53S1,136000,0,0,0,0
135,43_4,CAR_3c6a3e24161a2dc64c3931995da829634f0ff497,A1IBKP5PBH5EHC,3DZQRBDBSQVF8LMJX2YRR4OOOP53S1,136000,0,0,0,0
135,43_4,CAR_3cb12b68507a739904f5ea98f288dac2c6f84741,A1IBKP5PBH5EHC,3DZQRBDBSQVF8LMJX2YRR4OOOP53S1,136000,0,0,0,0
150,43_4,CAR_9880b923a46e6735bc0f37baad2b1ec8260978bd,A1IBKP5PBH5EHC,3IRIK4HM3F0YYNK5JI6PJ2WQDET6CR,193000,0,0,0,0
150,43_4,CAR_997b5c8fc4f93496a3fe6a7fee972707544cb147,A1IBKP5PBH5EHC,3IRIK4HM3F0YYNK5JI6PJ2WQDET6CR,193000,0,0,0,0
150,43_4,CAR_9aafa518d0a8b4fcf41e8aab4a4a37b5a5ba38d0,A1IBKP5PBH5EHC,3IRIK4HM3F0YYNK5JI6PJ2WQDET6CR,193000,0,0,0,0
150,43_4,CAR_9b59ced0bbc5d6e8fd214a94b0ed54d9118143d5,A1IBKP5PBH5EHC,3IRIK4HM3F0YYNK5JI6PJ2WQDET6CR,193000,0,0,0,0
150,43_4,CAR_9c76ddbddfd7862be2eac6a7ad697ad67d5b64d1,A1IBKP5PBH5EHC,3IRIK4HM3F0YYNK5JI6PJ2WQDET6CR,193000,0,0,0,0
192,43_5,CAR_8ebf30ce7a60faf8cbb2a2c46f711c694de63935,A1IBKP5PBH5EHC,3ZWFC4W1UZNYNI2Z28ZO238P6ECFRM,54000,0,0,0,0
192,43_5,CAR_8ed440932a8f562aa35ec398ddd05be3f2117a20,A1IBKP5PBH5EHC,3ZWFC4W1UZNYNI2Z28ZO238P6ECFRM,54000,0,0,0,0
192,43_5,CAR_8f57534367866042bfc88e4c578a018e58ac78e9,A1IBKP5PBH5EHC,3ZWFC4W1UZNYNI2Z28ZO238P6ECFRM,54000,0,0,0,0
192,43_5,CAR_92a6a19b724a51baf4ae0cad360d79a737c58866,A1IBKP5PBH5EHC,3ZWFC4W1UZNYNI2Z28ZO238P6ECFRM,54000,0,0,0,0
192,43_5,CAR_957d947d7155060c0d0bc02ff11697ec594795ec,A1IBKP5PBH5EHC,3ZWFC4W1UZNYNI2Z28ZO238P6ECFRM,54000,0,0,0,0
254,43_6,MARCO_2608695,A1IBKP5PBH5EHC,388U7OUMFCH7QEN9ZQG3ZWLL0HE0R4,179000,0,1,0,0
254,43_6,MARCO_2675753,A1IBKP5PBH5EHC,388U7OUMFCH7QEN9ZQG3ZWLL0HE0R4,179000,0,0,0,0
254,43_6,MARCO_2675755,A1IBKP5PBH5EHC,388U7OUMFCH7QEN9ZQG3ZWLL0HE0R4,179000,0,0,0,0
254,43_6,MARCO_3176168,A1IBKP5PBH5EHC,388U7OUMFCH7QEN9ZQG3ZWLL0HE0R4,179000,0,1,0,0
254,43_6,MARCO_3310703,A1IBKP5PBH5EHC,388U7OUMFCH7QEN9ZQG3ZWLL0HE0R4,179000,0,0,0,0
218,43_6,CAR_2040a581c732d938efdfeea3fbd1b0b7b3a89ff6,A1IBKP5PBH5EHC,3VAR3R6G1UHMBQ0W22CEYGMY8RPO8N,144000,0,2,0,1
218,43_6,CAR_22cd85c0f460757f966ce5e7b332fb38411b12a4,A1IBKP5PBH5EHC,3VAR3R6G1UHMBQ0W22CEYGMY8RPO8N,144000,0,0,0,0
218,43_6,CAR_238a07d1157e221a49111936a167e09ae595dd28,A1IBKP5PBH5EHC,3VAR3R6G1UHMBQ0W22CEYGMY8RPO8N,144000,0,0,0,0
218,43_6,CAR_24517ce3b31bc14edce05c007bf753271440a22d,A1IBKP5PBH5EHC,3VAR3R6G1UHMBQ0W22CEYGMY8RPO8N,144000,0,0,0,0
218,43_6,CAR_24fcc42e62769b41da313e466844cf06fa127f42,A1IBKP5PBH5EHC,3VAR3R6G1UHMBQ0W22CEYGMY8RPO8N,144000,0,0,0,0
131,43_4,CAR_170674093e570a1cf251c356af07e5a8f1bc81ea,A1IBKP5PBH5EHC,3JJVG1YBEGDJ5ESL0Z0PGCC8YX9B5X,198000,0,0,0,0
131,43_4,CAR_19eea93a621c1aef6a2a0de9fe14c198b4b8c741,A1IBKP5PBH5EHC,3JJVG1YBEGDJ5ESL0Z0PGCC8YX9B5X,198000,0,1,0,0
131,43_4,CAR_1a3e459800006f79e060a2ccccecd22c99017567,A1IBKP5PBH5EHC,3JJVG1YBEGDJ5ESL0Z0PGCC8YX9B5X,198000,0,0,0,0
131,43_4,CAR_1b23c8de07f68213c7151b083cb72e745f150bfb,A1IBKP5PBH5EHC,3JJVG1YBEGDJ5ESL0Z0PGCC8YX9B5X,198000,0,0,0,0
131,43_4,CAR_1c1e01cd852ed692b94b316ecb692bcc3b6f6d9d,A1IBKP5PBH5EHC,3JJVG1YBEGDJ5ESL0Z0PGCC8YX9B5X,198000,0,0,0,0
241,43_6,CAR_0b1f9a020c6ae5efb60c468fab53a3dc4a3b3d17,A1IBKP5PBH5EHC,3UOUJI6MTIU73WL16W0FDLVGHNYXUV,135000,0,3,0,1
241,43_6,CAR_b512bf752d0a8c21ecf5804210e623730b8d2a80,A1IBKP5PBH5EHC,3UOUJI6MTIU73WL16W0FDLVGHNYXUV,135000,0,0,0,0
241,43_6,CAR_b608ac3e4ca5593c08e59f493310e7df5da6f1ae,A1IBKP5PBH5EHC,3UOUJI6MTIU73WL16W0FDLVGHNYXUV,135000,0,1,0,0
241,43_6,CAR_ba97b4ec31c160f6f05bbe22f6baea988048a4d0,A1IBKP5PBH5EHC,3UOUJI6MTIU73WL16W0FDLVGHNYXUV,135000,0,1,0,0
241,43_6,CAR_bab88f1c71da2a8410774013f93433d4bb7c420b,A1IBKP5PBH5EHC,3UOUJI6MTIU73WL16W0FDLVGHNYXUV,135000,0,1,0,0
136,43_4,CAR_3e5237cf8787b47b1baeee4ae9b50ba59fa3705a,A1IBKP5PBH5EHC,3W8CV64QJ7FCXEXJ3HN2E3K8F6YH9B,148000,0,0,0,0
136,43_4,CAR_3ed3711033d5b63e72edea3c1dfac5e2e338cd42,A1IBKP5PBH5EHC,3W8CV64QJ7FCXEXJ3HN2E3K8F6YH9B,148000,0,0,0,0
136,43_4,CAR_406129088d3a5fe41c68867d5590621a0c349bcd,A1IBKP5PBH5EHC,3W8CV64QJ7FCXEXJ3HN2E3K8F6YH9B,148000,0,0,0,0
136,43_4,CAR_42190869da43a54e3d32a5c8d1e5c5b92f513692,A1IBKP5PBH5EHC,3W8CV64QJ7FCXEXJ3HN2E3K8F6YH9B,148000,0,0,0,0
136,43_4,CAR_43aeeedfff7dfe71ccd3bf768631cb6195bb0368,A1IBKP5PBH5EHC,3W8CV64QJ7FCXEXJ3HN2E3K8F6YH9B,148000,0,0,0,0
134,43_4,CAR_2be1b0ee6ece54d4c150e5dbeaeb586e4cdc9d9c,A1IBKP5PBH5EHC,3KJYX6QCMER6LR5CUIVJIYPKJQKVJ9,100000,0,0,0,0
134,43_4,CAR_2ddb80dff509ad8db3dcdd3b20d54b6da62c86b9,A1IBKP5PBH5EHC,3KJYX6QCMER6LR5CUIVJIYPKJQKVJ9,100000,0,0,0,0
134,43_4,CAR_309a090431a9e1dd17cf5e6f1311db6131b1c077,A1IBKP5PBH5EHC,3KJYX6QCMER6LR5CUIVJIYPKJQKVJ9,100000,0,0,0,0
134,43_4,CAR_3133196b491a9f493fb9490db4740866b718edb0,A1IBKP5PBH5EHC,3KJYX6QCMER6LR5CUIVJIYPKJQKVJ9,100000,0,0,0,0
134,43_4,CAR_32a58b9c3ddbfaed2fe8c1fa5705c6d0d0d6f45b,A1IBKP5PBH5EHC,3KJYX6QCMER6LR5CUIVJIYPKJQKVJ9,100000,0,0,0,0
215,43_6,CAR_0b1f9a020c6ae5efb60c468fab53a3dc4a3b3d17,A1IBKP5PBH5EHC,3H7XDTSHKH799EFGCMFC7NGIZCZWGL,207000,0,3,0,1
215,43_6,CAR_0b26b8acfad41bcc61efcf1ce848c6b9f066411d,A1IBKP5PBH5EHC,3H7XDTSHKH799EFGCMFC7NGIZCZWGL,207000,0,2,0,1
215,43_6,CAR_0ba77b6a9d09d893f2348b48aef45018409e0f19,A1IBKP5PBH5EHC,3H7XDTSHKH799EFGCMFC7NGIZCZWGL,207000,0,0,0,0
215,43_6,CAR_0ce040290ca74a0ac47eb9623994d33022cd8971,A1IBKP5PBH5EHC,3H7XDTSHKH799EFGCMFC7NGIZCZWGL,207000,0,0,0,0
215,43_6,CAR_0e0f733f6a32f4dac5320158d8050433465e5726,A1IBKP5PBH5EHC,3H7XDTSHKH799EFGCMFC7NGIZCZWGL,207000,0,1,0,0
247,43_6,CAR_0ba77b6a9d09d893f2348b48aef45018409e0f19,A1IBKP5PBH5EHC,3YOH7BII0EN1WBBUC3VVJDPXZLUVKV,101000,0,0,0,0
247,43_6,CAR_e0f3dec843bef8bb2ed318b6b2d68c80e6ea9738,A1IBKP5PBH5EHC,3YOH7BII0EN1WBBUC3VVJDPXZLUVKV,101000,0,1,0,0
247,43_6,CAR_e208ab6bb99bbf9f238b2e788904984f70730b54,A1IBKP5PBH5EHC,3YOH7BII0EN1WBBUC3VVJDPXZLUVKV,101000,0,0,0,0
247,43_6,CAR_e294005f967608c1a04137680f5bd13394d0e093,A1IBKP5PBH5EHC,3YOH7BII0EN1WBBUC3VVJDPXZLUVKV,101000,0,0,0,0
247,43_6,CAR_e3cdf6ac353ae5cc785ae3d23dd78d3edfdeb6db,A1IBKP5PBH5EHC,3YOH7BII0EN1WBBUC3VVJDPXZLUVKV,101000,0,0,0,0
178,43_5,CAR_348d2739bc63bbde639713c4485841851d032793,A1IBKP5PBH5EHC,3PH3VY7DJQD90VAL2E31SUWOAYIZWU,220000,0,0,0,0
178,43_5,CAR_35094da091ac8876f00712202c1722f53b618452,A1IBKP5PBH5EHC,3PH3VY7DJQD90VAL2E31SUWOAYIZWU,220000,0,0,0,0
178,43_5,CAR_36b35c057987f5b0633a17863745fe74b58b24e1,A1IBKP5PBH5EHC,3PH3VY7DJQD90VAL2E31SUWOAYIZWU,220000,0,0,0,0
178,43_5,CAR_37193824305347ab8a7b681975128625809731bd,A1IBKP5PBH5EHC,3PH3VY7DJQD90VAL2E31SUWOAYIZWU,220000,0,0,0,0
178,43_5,CAR_3b8648967884f4c0b926c4895358432feb5884c7,A1IBKP5PBH5EHC,3PH3VY7DJQD90VAL2E31SUWOAYIZWU,220000,0,0,0,0
205,43_5,MARCO_1034726,A1IBKP5PBH5EHC,3TPZPLC3M5SIVT6R5LUXWZJD26L3PB,63000,0,0,0,0
205,43_5,MARCO_1485885,A1IBKP5PBH5EHC,3TPZPLC3M5SIVT6R5LUXWZJD26L3PB,63000,0,0,0,0
205,43_5,MARCO_1837895,A1IBKP5PBH5EHC,3TPZPLC3M5SIVT6R5LUXWZJD26L3PB,63000,0,0,0,0
205,43_5,MARCO_1966470,A1IBKP5PBH5EHC,3TPZPLC3M5SIVT6R5LUXWZJD26L3PB,63000,0,0,0,0
205,43_5,MARCO_2198832,A1IBKP5PBH5EHC,3TPZPLC3M5SIVT6R5LUXWZJD26L3PB,63000,0,0,0,0
195,43_5,CAR_a8435db748cf69799621b2ea1e37e92b06ee2526,A1IBKP5PBH5EHC,3SBEHTYCWSJRUAGBHBX3DWEEPTJIYI,84000,0,0,0,0
195,43_5,CAR_a8b59a90847d3cd5aebe89224482296de96e3a2c,A1IBKP5PBH5EHC,3SBEHTYCWSJRUAGBHBX3DWEEPTJIYI,84000,0,0,0,0
195,43_5,CAR_a8e88c84545f8ef298d2c718dad415bafac29a75,A1IBKP5PBH5EHC,3SBEHTYCWSJRUAGBHBX3DWEEPTJIYI,84000,0,0,0,0
195,43_5,CAR_a983aea1f037384c466231468822c548382df9e5,A1IBKP5PBH5EHC,3SBEHTYCWSJRUAGBHBX3DWEEPTJIYI,84000,0,0,0,0
195,43_5,CAR_ac22a08f155cf7ebf2e8becb35968645fba66340,A1IBKP5PBH5EHC,3SBEHTYCWSJRUAGBHBX3DWEEPTJIYI,84000,0,0,0,0
152,43_4,CAR_a8435db748cf69799621b2ea1e37e92b06ee2526,A1IBKP5PBH5EHC,333U7HK6IEVKRA5Q3XVPCCJDKKRDJ6,52000,0,0,0,0
152,43_4,CAR_aa482323972698bcd6e7b461657b9728f5722b4d,A1IBKP5PBH5EHC,333U7HK6IEVKRA5Q3XVPCCJDKKRDJ6,52000,0,0,0,0
152,43_4,CAR_019f692c70fec8f17471b87d9a79a75f6c784bf3,A1IBKP5PBH5EHC,333U7HK6IEVKRA5Q3XVPCCJDKKRDJ6,52000,0,0,0,0
152,43_4,CAR_aaa9b35216dc41290b1179e327665980cbcaacf5,A1IBKP5PBH5EHC,333U7HK6IEVKRA5Q3XVPCCJDKKRDJ6,52000,0,0,0,0
152,43_4,CAR_abaa5471851d5ce4fb7d27b03d43de1a4718f44d,A1IBKP5PBH5EHC,333U7HK6IEVKRA5Q3XVPCCJDKKRDJ6,52000,0,0,0,0
260,43_6,MARCO_6145624,A1IBKP5PBH5EHC,3QL2OFSM9BY658QXIZS6LDIC89NCNM,93000,0,0,0,0
260,43_6,MARCO_6216719,A1IBKP5PBH5EHC,3QL2OFSM9BY658QXIZS6LDIC89NCNM,93000,0,0,0,0
260,43_6,MARCO_6489224,A1IBKP5PBH5EHC,3QL2OFSM9BY658QXIZS6LDIC89NCNM,93000,0,0,0,0
260,43_6,MARCO_6701535,A1IBKP5PBH5EHC,3QL2OFSM9BY658QXIZS6LDIC89NCNM,93000,0,0,0,0
260,43_6,MARCO_6778332,A1IBKP5PBH5EHC,3QL2OFSM9BY658QXIZS6LDIC89NCNM,93000,0,0,0,0
130,43_4,CAR_052966ef680601f5c3679ddbe1e40cd468af9759,A1IBKP5PBH5EHC,3FDJT1UU79OKYHWF6CDIFFVYLRHK5P,201000,0,1,0,0
130,43_4,CAR_058891516dceca07bcf9f4d29c8f1b76d8f0d003,A1IBKP5PBH5EHC,3FDJT1UU79OKYHWF6CDIFFVYLRHK5P,201000,0,0,0,0
130,43_4,CAR_128f60afb34309b2cd8a458c1015d4576eb0c8ce,A1IBKP5PBH5EHC,3FDJT1UU79OKYHWF6CDIFFVYLRHK5P,201000,0,0,0,0
130,43_4,CAR_141f803dfecbd0bb5f9fa0f57174be1f782df3fd,A1IBKP5PBH5EHC,3FDJT1UU79OKYHWF6CDIFFVYLRHK5P,201000,0,0,0,0
130,43_4,CAR_16f51b418d199cc8877c99bfb47cd403c23e38f1,A1IBKP5PBH5EHC,3FDJT1UU79OKYHWF6CDIFFVYLRHK5P,201000,0,0,0,0
143,43_4,CAR_69f3b0701a820c7b2f6d6cadc6a76b547eb47c97,A1IBKP5PBH5EHC,3YDTZAI2W2W0WX6TKXOQ58TLCPR416,127000,0,0,0,0
143,43_4,CAR_6a812a2cb2cee43798f2e6d8767575096387cbda,A1IBKP5PBH5EHC,3YDTZAI2W2W0WX6TKXOQ58TLCPR416,127000,0,0,0,0
143,43_4,CAR_6ad98ee04f4a9df5a6e691a71c315bc3298e032d,A1IBKP5PBH5EHC,3YDTZAI2W2W0WX6TKXOQ58TLCPR416,127000,0,0,0,0
143,43_4,CAR_6e18d8f63237538abb9b2dcb48c6c4f28184648f,A1IBKP5PBH5EHC,3YDTZAI2W2W0WX6TKXOQ58TLCPR416,127000,0,0,0,0
143,43_4,CAR_6ee631b62933ae07887b7450a4995b8d50cd2c5a,A1IBKP5PBH5EHC,3YDTZAI2W2W0WX6TKXOQ58TLCPR416,127000,0,0,0,0
191,43_5,CAR_86c03e5c7a98eade17c8fe33031be2473a4a74a9,A1IBKP5PBH5EHC,33SA9F9TR2ABP0JP6RPO7KV6MSCEW6,143000,0,0,0,0
191,43_5,CAR_874ba80e22178a430496f649ea0838d06452968f,A1IBKP5PBH5EHC,33SA9F9TR2ABP0JP6RPO7KV6MSCEW6,143000,0,0,0,0
191,43_5,CAR_88905414d692b1b3dce13e3c59efedbf0447e586,A1IBKP5PBH5EHC,33SA9F9TR2ABP0JP6RPO7KV6MSCEW6,143000,0,0,0,0
191,43_5,CAR_89c18d66c77e27db2b798afe6634fa3dc77d2734,A1IBKP5PBH5EHC,33SA9F9TR2ABP0JP6RPO7KV6MSCEW6,143000,0,0,0,0
191,43_5,CAR_8cb849fc7386ec561972e387e300263b83888b76,A1IBKP5PBH5EHC,33SA9F9TR2ABP0JP6RPO7KV6MSCEW6,143000,0,0,0,0
246,43_6,CAR_daa4aacd6ff27d3d447d003999b5737fae17f668,A1IBKP5PBH5EHC,3ON104KXQPCTXYMWHLDBYYJF9874WP,134000,0,1,0,0
246,43_6,CAR_dccc3a2925b0cf11d91a7f1e530e2da92ea09cb9,A1IBKP5PBH5EHC,3ON104KXQPCTXYMWHLDBYYJF9874WP,134000,0,0,0,0
246,43_6,CAR_de569d22672c778b39c1917f12591d3ca0c2fd73,A1IBKP5PBH5EHC,3ON104KXQPCTXYMWHLDBYYJF9874WP,134000,0,0,0,0
246,43_6,CAR_dec471f052ef3ba3f62884f1354bfd25e2c7748b,A1IBKP5PBH5EHC,3ON104KXQPCTXYMWHLDBYYJF9874WP,134000,0,1,0,0
246,43_6,CAR_e081718526dd31ca25ccfbf23f5542e7459c7408,A1IBKP5PBH5EHC,3ON104KXQPCTXYMWHLDBYYJF9874WP,134000,0,0,0,0
238,43_6,CAR_0ab0066536fbffb0d89a48e9e17e3a0ed69b0728,A1IBKP5PBH5EHC,3A0EX8ZRND4H7225B15MR9A1U8LBYY,130000,0,1,0,0
238,43_6,CAR_98baaef5beb92a3e2704c1d475139799a15c319f,A1IBKP5PBH5EHC,3A0EX8ZRND4H7225B15MR9A1U8LBYY,130000,0,0,0,0
238,43_6,CAR_98df878566e1d41282f23ee66f8d7d971046ea64,A1IBKP5PBH5EHC,3A0EX8ZRND4H7225B15MR9A1U8LBYY,130000,0,0,0,0
238,43_6,CAR_9c76ddbddfd7862be2eac6a7ad697ad67d5b64d1,A1IBKP5PBH5EHC,3A0EX8ZRND4H7225B15MR9A1U8LBYY,130000,0,0,0,0
238,43_6,CAR_9d494477f2f7f46ba7f8ae995673bc69984aea8b,A1IBKP5PBH5EHC,3A0EX8ZRND4H7225B15MR9A1U8LBYY,130000,0,0,0,0
232,43_6,CAR_0646ecb6a49deebd67482808bb73e6133c49d8f5,A1IBKP5PBH5EHC,3GGAI1SQE0E0NQ5X6YD68YTC3J5CME,111000,0,1,0,0
232,43_6,CAR_72d2fcda68d1fdae017806812e9e35e33c0e1d7e,A1IBKP5PBH5EHC,3GGAI1SQE0E0NQ5X6YD68YTC3J5CME,111000,0,0,0,0
232,43_6,CAR_72d8b31c485f92d43fafce201524bf459943d701,A1IBKP5PBH5EHC,3GGAI1SQE0E0NQ5X6YD68YTC3J5CME,111000,0,1,0,0
232,43_6,CAR_73b35ba1d13fc29feb0e0fd92190526c4a3cbaa3,A1IBKP5PBH5EHC,3GGAI1SQE0E0NQ5X6YD68YTC3J5CME,111000,0,0,0,0
232,43_6,CAR_73b921791671b6c4291cac9e423c031b9fa876b4,A1IBKP5PBH5EHC,3GGAI1SQE0E0NQ5X6YD68YTC3J5CME,111000,0,0,0,0
242,43_6,CAR_bf402a52faa9bd6360eba8e0fdf73abc6104f08c,A1IBKP5PBH5EHC,37QW5D2ZRL219ISP9JTNILWZ5H58SJ,108000,0,0,0,0
242,43_6,CAR_bf49199dd1b8ecdda8f5fa16761a9d9081e3af82,A1IBKP5PBH5EHC,37QW5D2ZRL219ISP9JTNILWZ5H58SJ,108000,0,0,0,0
242,43_6,CAR_c41e539db262988ce8085dab88a33a8c713e7bbe,A1IBKP5PBH5EHC,37QW5D2ZRL219ISP9JTNILWZ5H58SJ,108000,0,1,0,0
242,43_6,CAR_c460b8270f81aa1b0bf82fa29f0e5c855bd48eb8,A1IBKP5PBH5EHC,37QW5D2ZRL219ISP9JTNILWZ5H58SJ,108000,0,0,0,0
242,43_6,CAR_c7753a37861b8c767999c59c17f6eccd67eca852,A1IBKP5PBH5EHC,37QW5D2ZRL219ISP9JTNILWZ5H58SJ,108000,0,0,0,0
162,43_4,CAR_128f60afb34309b2cd8a458c1015d4576eb0c8ce,A1IBKP5PBH5EHC,3ZPBJO59KUHO04A0FXS40Z3Y7SSHDA,168000,0,0,0,0
162,43_4,CAR_f4a5fb84fdfb8cec2b28bdbe2426e093c5fec109,A1IBKP5PBH5EHC,3ZPBJO59KUHO04A0FXS40Z3Y7SSHDA,168000,0,0,0,0
162,43_4,CAR_f67192ceb1d0d35e5e5f410d1581a20aa77fcfbe,A1IBKP5PBH5EHC,3ZPBJO59KUHO04A0FXS40Z3Y7SSHDA,168000,0,0,0,0
162,43_4,CAR_f69e9d242c05cc5bc17cf1bc2e52255fb3b0448e,A1IBKP5PBH5EHC,3ZPBJO59KUHO04A0FXS40Z3Y7SSHDA,168000,0,0,0,0
162,43_4,CAR_f71b6ba29fe71fe3c8a333a1d5f05dac7b8316a9,A1IBKP5PBH5EHC,3ZPBJO59KUHO04A0FXS40Z3Y7SSHDA,168000,0,0,0,0
206,43_5,MARCO_2200012,A1IBKP5PBH5EHC,37UEWGM5HYO7X38RV9K3D14V54V1R9,155000,0,0,0,0
206,43_5,MARCO_2223627,A1IBKP5PBH5EHC,37UEWGM5HYO7X38RV9K3D14V54V1R9,155000,0,0,0,0
206,43_5,MARCO_2223634,A1IBKP5PBH5EHC,37UEWGM5HYO7X38RV9K3D14V54V1R9,155000,0,0,0,0
206,43_5,MARCO_2316855,A1IBKP5PBH5EHC,37UEWGM5HYO7X38RV9K3D14V54V1R9,155000,0,0,0,0
206,43_5,MARCO_2540473,A1IBKP5PBH5EHC,37UEWGM5HYO7X38RV9K3D14V54V1R9,155000,0,0,0,0
233,43_6,CAR_744bad240cb1d0d492ceaaae6a0588507724120f,A1IBKP5PBH5EHC,3SUWZRL0M3TDVL4JF9CK9QWTYV3E6Z,118000,0,0,0,0
233,43_6,CAR_753e00cbcc7f6e8209cc73a04412e2cf4204dc7f,A1IBKP5PBH5EHC,3SUWZRL0M3TDVL4JF9CK9QWTYV3E6Z,118000,0,0,0,0
233,43_6,CAR_7994f5c4e89539c21cb0ab387dde8663ccd9eb57,A1IBKP5PBH5EHC,3SUWZRL0M3TDVL4JF9CK9QWTYV3E6Z,118000,0,1,0,0
233,43_6,CAR_7a1a31a85be72e38063735e4eefc1bc01f91bd04,A1IBKP5PBH5EHC,3SUWZRL0M3TDVL4JF9CK9QWTYV3E6Z,118000,0,0,0,0
233,43_6,CAR_7b717461c970b3772f93f05c2faea6bf74038088,A1IBKP5PBH5EHC,3SUWZRL0M3TDVL4JF9CK9QWTYV3E6Z,118000,0,0,0,0
196,43_5,CAR_ac4a67c65105beddd2502bc8b0c4d74b0c0263ab,A1IBKP5PBH5EHC,3KAKFY4PGZIQE7JNSQ4DN2I1GSP3IY,124000,0,1,0,0
196,43_5,CAR_ad13275e75c0775d99fa946ec36e10dda9ec0528,A1IBKP5PBH5EHC,3KAKFY4PGZIQE7JNSQ4DN2I1GSP3IY,124000,0,0,0,0
196,43_5,CAR_0aa8052b4b04fb001cf6b6cf0bb8b8363c9e8a20,A1IBKP5PBH5EHC,3KAKFY4PGZIQE7JNSQ4DN2I1GSP3IY,124000,0,0,0,0
196,43_5,CAR_b1a173d4cc3a3afe07ae5151bc37eb3d07394db6,A1IBKP5PBH5EHC,3KAKFY4PGZIQE7JNSQ4DN2I1GSP3IY,124000,0,0,0,0
196,43_5,CAR_b1f9d29afd718920d00534fee1c2419ac83c6223,A1IBKP5PBH5EHC,3KAKFY4PGZIQE7JNSQ4DN2I1GSP3IY,124000,0,0,0,0
237,43_6,CAR_92a6a19b724a51baf4ae0cad360d79a737c58866,A1IBKP5PBH5EHC,3FTYUGLFSZ1CKBQ5EVRVB2082OTD5R,128000,0,0,0,0
237,43_6,CAR_940e0dddd869ac050f15dd3917ce6e686171e810,A1IBKP5PBH5EHC,3FTYUGLFSZ1CKBQ5EVRVB2082OTD5R,128000,0,0,0,0
237,43_6,CAR_95ed3b159016c106f3f5ac9cf986995bf658a34f,A1IBKP5PBH5EHC,3FTYUGLFSZ1CKBQ5EVRVB2082OTD5R,128000,0,0,0,0
237,43_6,CAR_97ae7f87cf00ce5e504363c45b7f31cefae7f89b,A1IBKP5PBH5EHC,3FTYUGLFSZ1CKBQ5EVRVB2082OTD5R,128000,0,0,0,0
237,43_6,CAR_97b821477617ec6181b8531b306382b76ad61cd9,A1IBKP5PBH5EHC,3FTYUGLFSZ1CKBQ5EVRVB2082OTD5R,128000,0,0,0,0
159,43_4,CAR_dd0547ae99f4512b91ed6396c9a39ddd8586d998,A1IBKP5PBH5EHC,3WLEIWSYHTX1XUCKI88N4GCUA132HM,115000,0,0,0,0
159,43_4,CAR_dee0ec6a9a67bd1b4edf345e6c16d4d65a530cd0,A1IBKP5PBH5EHC,3WLEIWSYHTX1XUCKI88N4GCUA132HM,115000,0,1,0,0
159,43_4,CAR_e449c6efb5f5f7fa4080cdb5b2f3074c8f6c7ebe,A1IBKP5PBH5EHC,3WLEIWSYHTX1XUCKI88N4GCUA132HM,115000,0,0,0,0
159,43_4,CAR_e468993fb6b6829026716b408b736f05a9adaef8,A1IBKP5PBH5EHC,3WLEIWSYHTX1XUCKI88N4GCUA132HM,115000,0,0,0,0
159,43_4,CAR_e4da03803f7ee5ff9710181205c0a354e78cc5a6,A1IBKP5PBH5EHC,3WLEIWSYHTX1XUCKI88N4GCUA132HM,115000,0,0,0,0
157,43_4,CAR_ca3303307b77101bc8158e3be778600f642a797b,A1IBKP5PBH5EHC,31QTRG6Q2YTJBW3FU6NNMTFQB76PYT,140000,0,0,0,0
157,43_4,CAR_cacf74566c80f23469e8e98ce860322833086daa,A1IBKP5PBH5EHC,31QTRG6Q2YTJBW3FU6NNMTFQB76PYT,140000,0,1,0,0
157,43_4,CAR_cb1e483c567d5e87d664a37b81172360c3462778,A1IBKP5PBH5EHC,31QTRG6Q2YTJBW3FU6NNMTFQB76PYT,140000,0,0,0,0
157,43_4,CAR_ce3b5c80c07e54851f7ada41140c86237707388c,A1IBKP5PBH5EHC,31QTRG6Q2YTJBW3FU6NNMTFQB76PYT,140000,0,1,0,0
157,43_4,CAR_cec1e7d6de02c2094c48e36dce3484fabac0debc,A1IBKP5PBH5EHC,31QTRG6Q2YTJBW3FU6NNMTFQB76PYT,140000,0,0,0,0
166,43_4,MARCO_3254207,A1IBKP5PBH5EHC,38F5OAUN5SS8JV9QOKPI07T2LHQH7I,53000,0,0,0,0
166,43_4,MARCO_3378534,A1IBKP5PBH5EHC,38F5OAUN5SS8JV9QOKPI07T2LHQH7I,53000,0,0,0,0
166,43_4,MARCO_3753340,A1IBKP5PBH5EHC,38F5OAUN5SS8JV9QOKPI07T2LHQH7I,53000,0,0,0,0
166,43_4,MARCO_3755096,A1IBKP5PBH5EHC,38F5OAUN5SS8JV9QOKPI07T2LHQH7I,53000,0,0,0,0
166,43_4,MARCO_4167548,A1IBKP5PBH5EHC,38F5OAUN5SS8JV9QOKPI07T2LHQH7I,53000,0,0,0,0
221,43_6,CAR_2ad49e0fb935b208e947d3ffc7076e409f5a1052,A1IBKP5PBH5EHC,373ERPL3YTO86NK0XS4DJ7NQXRVTRR,147000,0,0,0,0
221,43_6,CAR_2b39d08c3e45e34c3da5645cb5c2fe5148cae553,A1IBKP5PBH5EHC,373ERPL3YTO86NK0XS4DJ7NQXRVTRR,147000,0,0,0,0
221,43_6,CAR_2c857cbb4e57f226d7dee81f73eb19b029cefb77,A1IBKP5PBH5EHC,373ERPL3YTO86NK0XS4DJ7NQXRVTRR,147000,0,1,0,0
221,43_6,CAR_2cc0098cf33d428814ee7cc5026d05ba4a3d72cd,A1IBKP5PBH5EHC,373ERPL3YTO86NK0XS4DJ7NQXRVTRR,147000,0,2,0,1
221,43_6,CAR_2d557c360b45552d4246ef9bb8e5c6dd5a26ed17,A1IBKP5PBH5EHC,373ERPL3YTO86NK0XS4DJ7NQXRVTRR,147000,0,0,0,0
217,43_6,CAR_128451f6edf84c15299a06f2f4a1173b905986a6,A1IBKP5PBH5EHC,3FTF2T8WLWYUU4S8YG92F6UVVZ69W9,120000,0,0,0,0
217,43_6,CAR_128f60afb34309b2cd8a458c1015d4576eb0c8ce,A1IBKP5PBH5EHC,3FTF2T8WLWYUU4S8YG92F6UVVZ69W9,120000,0,0,0,0
217,43_6,CAR_14e9e9a811dae87dd07fbce2cd9e72bece5d79f3,A1IBKP5PBH5EHC,3FTF2T8WLWYUU4S8YG92F6UVVZ69W9,120000,0,2,0,1
217,43_6,CAR_164f4c0f667a226042cbdd3132122a70038afc1e,A1IBKP5PBH5EHC,3FTF2T8WLWYUU4S8YG92F6UVVZ69W9,120000,0,0,0,0
217,43_6,CAR_1f08be458080d039bac42e68a8a493b7cb1f2d4a,A1IBKP5PBH5EHC,3FTF2T8WLWYUU4S8YG92F6UVVZ69W9,120000,0,4,0,1
204,43_5,CAR_f7dee782a3bcd5b3066f9de17c4fb13be5748de3,A1IBKP5PBH5EHC,3JNQLM5FT923JQVA9TNLW851RIJL2J,92000,0,0,0,0
204,43_5,CAR_fcd014f853a6a2e43d744ed47caef7054c14c56e,A1IBKP5PBH5EHC,3JNQLM5FT923JQVA9TNLW851RIJL2J,92000,0,0,0,0
204,43_5,CAR_fd809ee30439700d3787a3d0ba2442cf7e3705da,A1IBKP5PBH5EHC,3JNQLM5FT923JQVA9TNLW851RIJL2J,92000,0,0,0,0
204,43_5,MARCO_1034721,A1IBKP5PBH5EHC,3JNQLM5FT923JQVA9TNLW851RIJL2J,92000,0,0,0,0
204,43_5,CAR_118d2728e691206126de4e74f85798e4d926040a,A1IBKP5PBH5EHC,3JNQLM5FT923JQVA9TNLW851RIJL2J,92000,0,0,0,0
