39I4RL8QHNX8DOTDWKLA9BD7OH84HF,2023-03-28T17:41:51.419281,38KPZWBGZC47OZ970Y04LD314Y9U8F
3U18MJKL2Y23IOS3SXM5XTMR26XNCJ,2023-03-28T17:41:51.5392471,38KPZWBGZC47OZ970Y04LD314Y9U8F
3K8CQCU3LIHCWMY89OM69NTUUMFWN1,2023-03-28T17:41:51.7102004,38KPZWBGZC47OZ970Y04LD314Y9U8F
3DTJ4WT8CHVCWBQ0RC3UI4T3XWIZE5,2023-03-28T17:41:51.9122841,38KPZWBGZC47OZ970Y04LD314Y9U8F
3LOJFQ4BP1VCFADEVGP0P7N5TB4KDB,2023-03-28T17:41:52.0958381,38KPZWBGZC47OZ970Y04LD314Y9U8F
3DIIW4IV9TB89J4X223V9NEMOUN4I8,2023-03-28T17:41:52.2388338,38KPZWBGZC47OZ970Y04LD314Y9U8F
3FW4EL5A4P4UVKB89LZFTSA7FKU22Z,2023-03-28T17:41:52.3919114,38KPZWBGZC47OZ970Y04LD314Y9U8F
3P0I4CQYW2NUE7YKA3MJOCTZKWKWOG,2023-03-28T17:41:52.5473678,38KPZWBGZC47OZ970Y04LD314Y9U8F
3VP28W7DVR042PQWMNN00ME39XXZFN,2023-03-28T17:41:52.7306705,38KPZWBGZC47OZ970Y04LD314Y9U8F
366FYU4PUK5H7GRERB0KVP5QTN5KE4,2023-03-28T17:41:52.8983158,38KPZWBGZC47OZ970Y04LD314Y9U8F
3DWNFENNF7B44UO3KKOVLOTM19C4JK,2023-03-28T17:41:53.0466614,38KPZWBGZC47OZ970Y04LD314Y9U8F
3JMQI2OLG3LDNGYHSTHGHZ49N69NDJ,2023-03-28T17:41:53.1696272,38KPZWBGZC47OZ970Y04LD314Y9U8F
3ZLW647WBPBJG27RDLDKC2FZLYU23A,2023-03-28T17:41:53.3817384,38KPZWBGZC47OZ970Y04LD314Y9U8F
3JU8CV4BSPS4UY1JYH8OWIL3RZHPOE,2023-03-28T17:41:53.5205408,38KPZWBGZC47OZ970Y04LD314Y9U8F
3R868ACW5WSAGPMRX7TII7EFACXZGM,2023-03-28T17:41:53.6980902,38KPZWBGZC47OZ970Y04LD314Y9U8F
3B0MCRZMCVAMFYDKDHL3LIQT14DPPV,2023-03-28T17:41:53.8463503,38KPZWBGZC47OZ970Y04LD314Y9U8F
344M16OZLMVIFMCHOOS0NHMUNIANEC,2023-03-28T17:41:53.9613519,38KPZWBGZC47OZ970Y04LD314Y9U8F
3B9J25CZ39T0Y1K80T3RWNWXP55SC0,2023-03-28T17:41:54.1443475,38KPZWBGZC47OZ970Y04LD314Y9U8F
3HEM8MA6IDS7FAEZDU0SLNG360ZPQM,2023-03-28T17:41:54.2610209,38KPZWBGZC47OZ970Y04LD314Y9U8F
3M0556244W0AL0CDJZC65Z7UZJPNFU,2023-03-28T17:41:54.4712387,38KPZWBGZC47OZ970Y04LD314Y9U8F
